time,temp,hum,tvoc
08:29:50,29.15,41.72,0.00
08:30:10,29.17,41.67,0.00
08:30:30,29.10,41.77,0.00
08:30:50,29.13,41.80,0.00
08:31:10,29.11,41.97,0.00
08:31:30,29.07,41.95,0.00
08:31:50,29.06,42.33,0.00
08:32:10,29.02,42.13,0.00
08:32:31,29.00,42.13,0.00
08:32:51,28.99,42.12,0.00
08:33:11,28.99,42.18,4.00
08:33:31,28.99,42.19,2.00
08:33:51,28.97,42.19,4.00
08:34:11,28.95,42.25,0.00
08:34:31,28.95,42.16,4.00
08:34:51,28.96,42.16,3.00
08:35:11,28.99,42.15,0.00
08:35:31,29.00,42.12,5.00
08:35:51,28.99,42.12,2.00
08:36:11,29.00,42.08,2.00
08:36:31,29.02,41.97,3.00
08:36:51,29.02,42.00,0.00
08:37:11,29.03,41.98,2.00
08:37:32,29.02,41.95,0.00
08:37:52,29.04,42.03,3.00
08:38:12,29.09,41.94,3.00
08:38:32,29.04,42.00,0.00
08:38:52,29.02,42.00,0.00
08:39:12,29.04,42.08,2.00
08:39:32,28.99,42.07,4.00
08:39:52,29.00,42.06,0.00
08:40:12,28.99,42.13,0.00
08:40:32,29.00,42.15,5.00
08:40:52,28.99,42.02,0.00
08:41:12,28.99,42.17,1.00
08:41:32,28.97,42.09,2.00
08:41:52,28.98,42.11,0.00
08:42:13,28.99,42.11,0.00
08:42:33,28.99,42.17,1.00
08:42:53,28.98,42.19,0.00
08:43:13,28.97,42.02,0.00
08:43:33,28.99,42.05,0.00
08:43:53,29.00,41.95,2.00
08:44:13,28.99,41.94,0.00
08:44:33,29.01,41.92,0.00
08:44:53,29.00,41.94,1.00
08:45:13,29.01,41.99,0.00
08:45:33,28.99,41.99,3.00
08:45:53,28.99,42.01,0.00
08:46:13,28.99,42.01,0.00
08:46:33,29.02,42.00,3.00
08:46:53,29.04,41.89,0.00
08:47:14,29.06,41.79,0.00
08:47:34,29.05,41.85,2.00
08:47:54,29.05,41.88,1.00
08:48:14,29.06,41.83,0.00
08:48:34,29.03,41.81,2.00
08:48:54,29.09,41.83,0.00
08:49:14,29.14,41.76,1.00
08:49:34,29.06,41.74,3.00
08:49:54,29.09,41.84,0.00
08:50:14,29.08,41.85,3.00
08:50:34,29.11,41.87,0.00
08:50:54,29.12,41.87,6.00
08:51:14,29.15,41.64,0.00
08:51:34,29.16,41.72,0.00
08:51:55,29.16,41.55,0.00
08:52:15,29.18,41.62,0.00
08:52:35,29.19,41.86,0.00
08:52:55,29.18,41.67,0.00
08:53:15,29.21,41.57,1.00
08:53:35,29.22,41.53,0.00
08:53:55,29.22,41.50,0.00
08:54:15,29.23,41.47,0.00
08:54:35,29.23,41.49,1.00
08:54:55,29.24,41.34,1.00
08:55:15,29.28,41.33,0.00
08:55:35,29.29,41.24,2.00
08:55:55,29.33,41.22,2.00
08:56:15,29.36,41.25,0.00
08:56:35,29.36,41.27,0.00
08:56:56,29.41,41.12,0.00
08:57:16,29.38,41.14,2.00
08:57:36,29.37,41.19,0.00
08:57:56,29.41,41.13,4.00
08:58:16,29.44,41.05,0.00
08:58:36,29.42,41.02,0.00
08:58:56,29.44,41.01,5.00
08:59:16,29.43,41.07,0.00
08:59:36,29.41,41.13,4.00
08:59:56,29.38,41.14,0.00
09:00:16,29.38,41.14,0.00
09:00:36,29.38,41.17,0.00
09:00:56,29.40,41.23,0.00
09:01:16,29.34,41.24,0.00
09:01:36,29.28,41.29,2.00
09:01:57,29.22,41.44,2.00
09:02:17,29.25,41.36,0.00
09:02:37,29.27,41.32,3.00
09:02:57,29.35,41.25,4.00
09:03:17,29.39,41.16,0.00
09:03:37,29.38,41.10,2.00
09:03:57,29.46,41.77,5.00
09:04:17,29.44,41.66,0.00
09:04:37,29.48,41.05,3.00
09:04:57,29.47,40.96,0.00
09:05:17,29.48,41.89,6.00
09:05:37,29.52,41.16,0.00
09:05:57,29.48,40.89,2.00
09:06:17,29.47,40.91,0.00
09:06:38,29.46,41.25,0.00
09:06:58,29.46,41.03,3.00
09:07:18,29.48,41.00,0.00
09:07:38,29.47,40.91,0.00
09:07:58,29.46,40.88,0.00
09:08:18,29.47,40.89,0.00
09:08:38,29.48,40.90,3.00
09:08:58,29.47,40.83,0.00
09:09:18,29.48,40.87,0.00
09:09:38,29.47,40.84,0.00
09:09:58,29.47,40.93,3.00
09:10:18,29.44,40.89,2.00
09:10:38,29.46,41.01,4.00
09:10:58,29.48,40.88,0.00
09:11:18,29.46,40.91,4.00
09:11:39,29.49,40.82,2.00
09:11:59,29.49,40.90,0.00
09:12:19,29.48,40.96,0.00
09:12:39,29.50,40.69,0.00
09:12:59,29.54,40.78,5.00
09:13:19,29.54,40.67,2.00
09:13:39,29.52,41.05,2.00
09:13:59,29.61,41.40,1.00
09:14:19,29.64,40.68,0.00
09:14:39,29.68,40.84,1.00
09:14:59,29.69,40.33,0.00
09:15:19,29.68,40.28,0.00
09:15:39,29.73,40.63,0.00
09:15:59,29.69,40.29,4.00
09:16:20,29.75,40.91,0.00
09:16:40,29.79,40.17,0.00
09:17:00,29.75,40.36,0.00
09:17:20,29.76,40.16,0.00
09:17:40,29.75,40.26,0.00
09:18:00,29.76,40.20,0.00
09:18:20,29.77,40.25,2.00
09:18:40,29.75,40.19,0.00
09:19:00,29.78,40.43,2.00
09:19:20,29.76,40.41,0.00
09:19:40,29.76,40.41,3.00
09:20:00,29.77,40.43,0.00
09:20:20,29.78,39.96,0.00
09:20:40,29.76,39.98,0.00
09:21:00,29.76,40.04,0.00
09:21:21,29.73,40.12,0.00
09:21:41,29.80,40.30,4.00
09:22:01,29.79,40.00,4.00
09:22:21,29.81,39.91,0.00
09:22:41,29.79,39.88,0.00
09:23:01,29.78,39.76,1.00
09:23:21,29.79,39.93,0.00
09:23:41,29.83,39.95,0.00
09:24:01,29.83,39.89,3.00
09:24:21,29.82,39.75,0.00
09:24:41,29.82,39.70,0.00
09:25:01,29.83,39.67,2.00
09:25:21,29.84,39.69,0.00
09:25:41,29.85,39.74,3.00
09:26:02,29.84,39.63,1.00
09:26:22,29.87,39.61,0.00
09:26:42,29.92,39.58,1.00
09:27:02,29.92,39.53,1.00
09:27:22,29.95,39.49,0.00
09:27:42,29.95,39.63,0.00
09:28:02,29.93,39.41,0.00
09:28:22,29.87,39.38,2.00
09:28:42,29.94,39.45,0.00
09:29:02,29.96,39.45,0.00
09:29:22,29.94,39.34,0.00
09:29:42,29.93,39.39,0.00
09:30:02,29.93,39.37,0.00
09:30:22,29.95,39.51,3.00
09:30:42,30.00,39.31,1.00
09:31:03,30.02,39.39,1.00
09:31:23,29.98,39.13,0.00
09:31:43,29.96,39.19,0.00
09:32:03,29.96,39.39,0.00
09:32:23,29.99,40.03,1.00
09:32:43,30.07,39.94,6.00
09:33:03,30.08,40.23,6.00
09:33:23,30.07,39.30,1.00
09:33:43,30.15,39.05,0.00
09:34:03,30.12,39.08,1.00
09:34:23,30.15,39.04,0.00
09:34:43,30.19,38.91,3.00
09:35:03,30.19,39.12,0.00
09:35:23,30.20,39.01,1.00
09:35:44,30.19,39.02,2.00
09:36:04,30.17,38.90,0.00
09:36:24,30.19,38.84,1.00
09:36:44,30.20,38.91,2.00
09:37:04,30.21,38.85,0.00
09:37:24,30.16,38.85,1.00
09:37:44,30.14,38.99,0.00
09:38:04,30.14,38.98,3.00
09:38:24,30.17,39.01,0.00
09:38:44,30.16,39.02,1.00
09:39:04,30.16,38.98,0.00
09:39:24,30.13,39.02,3.00
09:39:44,30.14,39.01,2.00
09:40:04,30.14,39.02,0.00
09:40:24,30.15,39.04,0.00
09:40:45,30.17,38.99,2.00
09:41:05,30.17,38.95,5.00
09:41:25,30.16,38.97,0.00
09:41:45,30.16,38.98,2.00
09:42:05,30.20,38.99,0.00
09:42:25,30.22,38.88,2.00
09:42:45,30.21,38.86,0.00
09:43:05,30.19,38.93,1.00
09:43:25,30.17,38.97,1.00
09:43:45,30.14,38.98,0.00
09:44:05,30.13,39.03,3.00
09:44:25,30.15,38.94,0.00
09:44:45,30.19,38.90,3.00
09:45:05,30.15,38.91,0.00
09:45:25,30.17,38.87,0.00
09:45:46,30.20,38.82,1.00
09:46:06,30.22,38.83,2.00
09:46:26,30.20,38.81,0.00
09:46:46,30.21,38.84,3.00
09:47:06,30.22,39.65,5.00
09:47:26,30.20,39.21,1.00
09:47:46,30.21,39.09,0.00
09:48:06,30.22,38.83,0.00
09:48:26,30.20,38.89,0.00
09:48:46,30.19,38.94,0.00
09:49:06,30.21,39.21,3.00
09:49:26,30.21,38.89,3.00
09:49:46,30.19,38.92,0.00
09:50:06,30.11,39.03,4.00
09:50:27,30.04,39.16,1.00
09:50:47,30.05,39.08,0.00
09:51:07,30.09,39.00,0.00
09:51:27,30.12,38.92,1.00
09:51:47,30.13,38.90,0.00
09:52:07,30.14,38.98,0.00
09:52:27,30.14,38.92,4.00
09:52:47,30.16,38.90,4.00
09:53:07,30.14,38.94,1.00
09:53:27,30.09,38.96,2.00
09:53:47,30.11,38.85,0.00
09:54:07,30.15,39.06,1.00
09:54:27,30.14,38.92,0.00
09:54:47,30.19,39.06,0.00
09:55:07,30.20,39.24,4.00
09:55:28,30.26,38.76,2.00
09:55:48,30.25,39.43,3.00
09:56:08,30.25,39.02,0.00
09:56:28,30.24,38.96,2.00
09:56:48,30.26,38.87,6.00
09:57:08,30.22,38.79,0.00
09:57:28,30.22,38.79,0.00
09:57:48,30.24,38.78,0.00
09:58:08,30.28,38.70,0.00
09:58:28,30.30,38.81,0.00
09:58:48,30.32,38.54,5.00
09:59:08,30.33,38.65,2.00
09:59:28,30.34,38.81,4.00
09:59:48,30.36,38.64,3.00
10:00:09,30.30,38.59,9.00
10:00:29,30.36,38.60,10.00
10:00:49,30.40,38.62,13.00
10:01:09,30.37,38.36,9.00
10:01:29,30.41,38.37,8.00
10:01:49,30.44,38.33,7.00
10:02:09,30.45,38.43,8.00
10:02:29,30.44,38.67,8.00
10:02:49,30.44,38.53,12.00
10:03:09,30.44,38.36,9.00
10:03:29,30.40,38.39,6.00
10:03:49,30.38,38.37,3.00
10:04:09,30.30,38.40,6.00
10:04:29,30.30,38.44,2.00
10:04:49,30.31,38.40,0.00
10:05:10,30.33,38.33,0.00
10:05:30,30.34,38.34,0.00
10:05:50,30.35,38.32,0.00
10:06:10,30.31,38.38,3.00
10:06:30,30.25,38.41,0.00
10:06:50,30.27,38.34,0.00
10:07:10,30.28,38.26,1.00
10:07:30,30.33,38.26,0.00
10:07:50,30.34,38.13,1.00
10:08:10,30.36,38.13,0.00
10:08:30,30.32,38.17,1.00
10:08:50,30.27,38.30,0.00
10:09:10,30.27,38.27,0.00
10:09:30,30.30,38.21,1.00
10:09:51,30.27,38.19,0.00
10:10:11,30.24,38.19,0.00
10:10:31,30.29,38.15,0.00
10:10:51,30.29,38.21,3.00
10:11:11,30.31,38.15,1.00
10:11:31,30.24,38.12,0.00
10:11:51,30.27,38.04,2.00
10:12:11,30.27,38.06,0.00
10:12:31,30.23,38.03,0.00
10:12:51,30.27,38.01,0.00
10:13:11,30.20,38.02,1.00
10:13:31,30.21,38.08,0.00
10:13:51,30.18,38.10,0.00
10:14:11,30.19,38.16,2.00
10:14:31,30.16,38.14,0.00
10:14:52,30.19,38.17,0.00
10:15:12,30.15,38.14,1.00
10:15:32,30.14,38.18,0.00
10:15:52,30.15,38.14,2.00
10:16:12,30.16,38.12,0.00
10:16:32,30.17,38.12,2.00
10:16:52,30.16,38.04,0.00
10:17:12,30.15,38.05,3.00
10:17:32,30.18,38.09,0.00
10:17:52,30.18,38.02,0.00
10:18:12,30.19,38.01,2.00
10:18:32,30.20,37.97,0.00
10:18:52,30.18,38.02,0.00
10:19:12,30.22,38.00,0.00
10:19:33,30.19,38.05,0.00
10:19:53,30.20,37.97,2.00
10:20:13,30.22,38.18,2.00
10:20:33,30.20,38.14,0.00
10:20:53,30.17,38.12,1.00
10:21:13,30.25,38.26,0.00
10:21:33,30.22,38.32,0.00
10:21:53,30.20,38.54,1.00
10:22:13,30.20,38.71,5.00
10:22:33,30.25,38.52,3.00
10:22:53,30.30,38.15,0.00
10:23:13,30.31,38.23,0.00
10:23:33,30.27,38.43,3.00
10:23:53,30.26,38.24,0.00
10:24:13,30.27,38.32,0.00
10:24:34,30.26,38.09,9.00
10:24:54,30.31,38.28,10.00
10:25:14,30.32,38.18,13.00
10:25:34,30.29,38.10,9.00
10:25:54,30.29,38.24,12.00
10:26:14,30.31,38.22,9.00
10:26:34,30.31,38.58,6.00
10:26:54,30.30,38.48,0.00
10:27:14,30.33,38.31,0.00
10:27:34,30.27,37.97,0.00
10:27:54,30.26,38.03,0.00
10:28:14,30.29,38.07,0.00
10:28:34,30.35,38.37,4.00
10:28:54,30.34,38.15,0.00
10:29:15,30.40,38.01,0.00
10:29:35,30.43,37.78,2.00
10:29:55,30.43,38.12,0.00
10:30:15,30.43,38.12,2.00
10:30:35,30.45,37.73,1.00
10:30:55,30.42,38.03,4.00
10:31:15,30.44,37.72,0.00
10:31:35,30.45,37.71,2.00
10:31:55,30.46,37.63,0.00
10:32:15,30.47,38.27,3.00
10:32:35,30.46,37.81,1.00
10:32:55,30.44,37.65,0.00
10:33:15,30.45,37.78,0.00
10:33:35,30.46,38.44,1.00
10:33:55,30.47,37.66,1.00
10:34:16,30.49,37.62,2.00
10:34:36,30.49,37.40,0.00
10:34:56,30.50,37.72,0.00
10:35:16,30.52,37.89,5.00
10:35:36,30.51,37.96,1.00
10:35:56,30.53,37.43,0.00
10:36:16,30.52,37.67,0.00
10:36:36,30.52,37.53,1.00
10:36:56,30.51,38.14,1.00
10:37:16,30.53,37.85,0.00
10:37:36,30.55,37.42,0.00
10:37:56,30.57,37.35,2.00
10:38:16,30.50,37.47,3.00
10:38:36,30.52,37.56,0.00
10:38:56,30.53,37.59,2.00
10:39:17,30.51,37.49,0.00
10:39:37,30.49,37.63,0.00
10:39:57,30.48,37.57,1.00
10:40:17,30.47,37.56,1.00
10:40:37,30.46,37.50,0.00
10:40:57,30.49,38.09,6.00
10:41:17,30.49,37.52,0.00
10:41:37,30.50,37.59,2.00
10:41:57,30.50,37.91,0.00
10:42:17,30.48,37.82,5.00
10:42:37,30.50,37.60,2.00
10:42:57,30.51,37.48,0.00
10:43:17,30.54,37.43,3.00
10:43:37,30.55,37.94,0.00
10:43:58,30.58,37.50,2.00
10:44:18,30.55,37.27,0.00
10:44:38,30.58,37.20,0.00
10:44:58,30.62,37.80,1.00
10:45:18,30.59,37.63,2.00
10:45:38,30.62,37.83,0.00
10:45:58,30.62,37.48,3.00
10:46:18,30.66,37.89,1.00
10:46:38,30.67,37.70,0.00
10:46:58,30.66,37.84,2.00
10:47:18,30.67,38.35,1.00
10:47:38,30.65,38.38,3.00
10:47:58,30.67,37.22,0.00
10:48:18,30.71,37.18,0.00
10:48:39,30.70,37.23,0.00
10:48:59,30.63,37.82,0.00
10:49:19,30.67,37.68,7.00
10:49:39,30.61,37.71,3.00
10:49:59,30.55,37.22,0.00
10:50:19,30.63,37.98,3.00
10:50:39,30.61,37.81,2.00
10:50:59,30.61,38.31,0.00
10:51:19,30.64,38.69,6.00
10:51:39,30.67,38.39,2.00
10:51:59,30.65,37.80,0.00
10:52:19,30.68,37.55,0.00
10:52:39,30.63,37.47,0.00
10:52:59,30.64,37.64,0.00
10:53:19,30.69,37.34,0.00
10:53:40,30.71,37.41,4.00
10:54:00,30.74,37.31,1.00
10:54:20,30.70,37.20,0.00
10:54:40,30.71,37.36,1.00
10:55:00,30.71,37.35,2.00
10:55:20,30.67,37.24,0.00
10:55:40,30.66,37.26,0.00
10:56:00,30.69,37.61,2.00
10:56:20,30.68,37.63,1.00
10:56:40,30.73,37.65,0.00
10:57:00,30.72,38.01,2.00
10:57:20,30.74,38.38,3.00
10:57:40,30.71,37.32,2.00
10:58:00,30.70,37.54,0.00
10:58:21,30.75,37.94,1.00
10:58:41,30.74,37.86,0.00
10:59:01,30.70,37.53,1.00
10:59:21,30.71,37.56,0.00
10:59:41,30.73,37.56,0.00
11:00:01,30.74,37.36,0.00
11:00:21,30.75,37.34,7.00
11:00:41,30.73,37.48,11.00
11:01:01,30.65,37.59,5.00
11:01:21,30.74,37.63,3.00
11:01:41,30.75,37.59,1.00
11:02:01,30.75,37.86,1.00
11:02:21,30.79,38.34,2.00
11:02:41,30.78,37.70,0.00
11:03:01,30.84,37.31,0.00
11:03:22,30.79,37.40,4.00
11:03:42,30.86,37.13,0.00
11:04:02,30.78,37.28,0.00
11:04:22,30.80,37.45,0.00
11:04:42,30.81,37.44,3.00
11:05:02,30.83,37.15,3.00
11:05:22,30.86,37.89,0.00
11:05:42,30.90,37.81,5.00
11:06:02,30.87,37.02,1.00
11:06:22,30.92,37.26,5.00
11:06:42,30.88,37.24,0.00
11:07:02,30.93,37.40,2.00
11:07:22,30.92,37.41,2.00
11:07:42,30.95,37.46,1.00
11:08:03,30.97,37.28,1.00
11:08:23,30.99,37.38,3.00
11:08:43,31.00,37.13,0.00
11:09:03,30.99,36.91,0.00
11:09:23,30.98,36.83,2.00
11:09:43,30.97,36.95,1.00
11:10:03,30.97,37.07,1.00
11:10:23,30.97,37.07,0.00
11:10:43,30.96,37.25,2.00
11:11:03,30.96,37.11,0.00
11:11:23,30.98,37.23,0.00
11:11:43,30.99,36.91,2.00
11:12:03,30.97,36.85,0.00
11:12:23,30.96,37.03,7.00
11:12:43,30.95,36.99,2.00
11:13:04,30.92,37.04,2.00
11:13:24,30.94,37.05,0.00
11:13:44,30.95,37.27,2.00
11:14:04,30.98,37.30,2.00
11:14:24,30.96,37.27,0.00
11:14:44,30.99,37.28,0.00
11:15:04,31.00,37.15,0.00
11:15:24,30.98,37.11,2.00
11:15:44,30.98,37.21,1.00
11:16:04,30.99,37.41,2.00
11:16:24,31.01,37.28,0.00
11:16:44,31.00,37.20,1.00
11:17:04,30.98,37.51,2.00
11:17:24,31.00,37.45,2.00
11:17:45,31.04,37.13,3.00
11:18:05,31.05,37.02,0.00
11:18:25,31.02,37.31,1.00
11:18:45,31.03,37.11,2.00
11:19:05,31.02,37.05,2.00
11:19:25,31.03,36.99,1.00
11:19:45,31.02,37.22,0.00
11:20:05,31.04,37.58,2.00
11:20:25,31.07,37.32,3.00
11:20:45,31.03,37.13,0.00
11:21:05,31.03,37.22,5.00
11:21:25,31.02,37.23,3.00
11:21:45,31.07,37.06,0.00
11:22:05,31.07,37.27,4.00
11:22:25,31.06,37.38,5.00
11:22:46,31.05,37.07,1.00
11:23:06,31.07,37.31,4.00
11:23:26,31.07,37.16,0.00
11:23:46,31.09,37.27,4.00
11:24:06,31.07,37.56,6.00
11:24:26,31.07,37.31,2.00
11:24:46,31.10,37.55,1.00
11:25:06,31.06,37.09,0.00
11:25:26,31.14,37.71,2.00
11:25:46,31.16,37.46,1.00
11:26:06,31.14,37.83,2.00
11:26:26,31.18,37.00,0.00
11:26:46,31.19,37.74,7.00
11:27:06,31.17,37.16,0.00
11:27:27,31.15,37.39,0.00
11:27:47,31.18,37.22,2.00
11:28:07,31.16,37.31,1.00
11:28:27,31.14,37.17,0.00
11:28:47,31.19,37.34,3.00
11:29:07,31.18,37.30,2.00
11:29:27,31.13,37.25,0.00
11:29:47,31.13,37.36,2.00
11:30:07,31.09,37.33,0.00
11:30:27,31.13,37.62,4.00
11:30:47,31.19,37.52,3.00
11:31:07,31.19,37.39,6.00
11:31:27,31.19,37.02,2.00
11:31:47,31.26,37.08,2.00
11:32:07,31.26,37.33,0.00
11:32:28,31.29,37.60,3.00
11:32:48,31.32,36.88,0.00
11:33:08,31.36,37.39,0.00
11:33:28,31.37,38.84,8.00
11:33:48,31.45,38.01,2.00
11:34:08,31.44,37.01,0.00
11:34:28,31.38,37.07,0.00
11:34:48,31.32,37.05,2.00
11:35:08,31.29,37.08,0.00
11:35:28,31.31,36.87,1.00
11:35:48,31.33,36.89,0.00
11:36:08,31.31,36.88,0.00
11:36:28,31.31,36.86,3.00
11:36:48,31.28,36.88,0.00
11:37:09,31.25,36.84,2.00
11:37:29,31.25,36.88,1.00
11:37:49,31.26,36.73,0.00
11:38:09,31.28,36.97,0.00
11:38:29,31.31,36.90,0.00
11:38:49,31.33,36.94,1.00
11:39:09,31.32,36.82,3.00
11:39:29,31.37,36.78,0.00
11:39:49,31.40,36.80,2.00
11:40:09,31.36,36.79,0.00
11:40:29,31.32,36.81,0.00
11:40:49,31.29,36.74,1.00
11:41:09,31.30,36.80,0.00
11:41:29,31.26,36.84,1.00
11:41:49,31.23,36.94,0.00
11:42:10,31.26,36.92,2.00
11:42:30,31.33,37.05,2.00
11:42:50,31.38,36.74,0.00
11:43:10,31.32,36.73,3.00
11:43:30,31.42,36.70,2.00
11:43:50,31.44,36.88,0.00
11:44:10,31.46,36.70,4.00
11:44:30,31.49,36.69,12.00
11:44:50,31.49,36.45,7.00
11:45:10,31.48,36.63,4.00
11:45:30,31.50,36.56,6.00
11:45:50,31.50,36.61,2.00
11:46:10,31.51,36.34,6.00
11:46:30,31.53,36.20,2.00
11:46:51,31.51,36.34,0.00
11:47:11,31.49,37.09,3.00
11:47:31,31.51,36.38,2.00
11:47:51,31.49,36.58,2.00
11:48:11,31.51,36.41,4.00
11:48:31,31.57,36.99,6.00
11:48:51,31.63,36.12,3.00
11:49:11,31.69,37.03,0.00
11:49:31,31.67,35.95,1.00
11:49:51,31.63,36.13,0.00
11:50:11,31.58,36.09,2.00
11:50:31,31.62,36.04,1.00
11:50:51,31.56,35.97,0.00
11:51:11,31.51,36.00,2.00
11:51:31,31.55,35.95,0.00
11:51:52,31.59,35.93,2.00
11:52:12,31.64,35.81,0.00
11:52:32,31.55,35.84,0.00
11:52:52,31.56,36.11,0.00
11:53:12,31.53,36.27,0.00
11:53:32,31.58,36.12,0.00
11:53:52,31.58,35.97,2.00
11:54:12,31.63,35.86,0.00
11:54:32,31.56,36.10,5.00
11:54:52,31.54,35.91,2.00
11:55:12,31.55,35.98,2.00
11:55:32,31.59,35.90,0.00
11:55:52,31.57,35.94,1.00
11:56:12,31.53,36.06,2.00
11:56:33,31.61,36.08,3.00
11:56:53,31.57,35.92,3.00
11:57:13,31.54,36.82,1.00
11:57:33,31.54,35.96,0.00
11:57:53,31.70,37.56,6.00
11:58:13,31.77,36.18,2.00
11:58:33,31.76,35.65,3.00
11:58:53,31.75,35.88,2.00
11:59:13,31.72,35.56,0.00
11:59:33,31.74,35.71,0.00
11:59:53,31.73,35.54,2.00
12:00:13,31.71,35.66,2.00
12:00:33,31.72,36.22,0.00
12:00:53,31.68,36.03,0.00
12:01:13,31.66,35.80,2.00
12:01:34,31.65,35.65,0.00
12:01:54,31.67,35.66,0.00
12:02:14,31.71,35.66,0.00
12:02:34,31.67,35.81,2.00
12:02:54,31.66,35.68,0.00
12:03:14,31.66,36.08,0.00
12:03:34,31.60,35.89,4.00
12:03:54,31.63,35.90,3.00
12:04:14,31.67,35.85,0.00
12:04:34,31.62,35.83,0.00
12:04:54,31.60,35.83,1.00
12:05:14,31.72,35.78,3.00
12:05:34,31.70,35.69,0.00
12:05:54,31.76,35.69,1.00
12:06:15,31.78,35.91,0.00
12:06:35,31.69,35.75,0.00
12:06:55,31.60,35.81,0.00
12:07:15,31.69,35.62,3.00
12:07:35,31.73,35.44,0.00
12:07:55,31.76,35.37,0.00
12:08:15,31.81,35.39,1.00
12:08:35,31.86,35.28,1.00
12:08:55,31.85,35.24,0.00
12:09:15,31.80,35.26,0.00
12:09:35,31.77,35.46,1.00
12:09:55,31.74,35.43,1.00
12:10:15,31.82,35.41,0.00
12:10:35,31.86,35.35,0.00
12:10:55,31.89,35.31,2.00
12:11:16,31.88,35.22,0.00
12:11:36,31.86,35.28,1.00
12:11:56,31.89,35.20,2.00
12:12:16,31.89,35.18,0.00
12:12:36,31.89,35.17,1.00
12:12:56,31.90,35.23,1.00
12:13:16,31.92,35.06,0.00
12:13:36,31.88,35.10,0.00
12:13:56,31.92,35.04,0.00
12:14:16,31.88,34.96,4.00
12:14:36,31.79,35.20,0.00
12:14:56,31.79,35.23,1.00
12:15:16,31.79,35.19,0.00
12:15:36,31.75,35.26,1.00
12:15:57,31.72,35.34,0.00
12:16:17,31.71,35.38,0.00
12:16:37,31.67,35.44,0.00
12:16:57,31.72,35.34,0.00
12:17:17,31.75,35.19,4.00
12:17:37,31.80,35.19,0.00
12:17:57,31.80,35.13,1.00
12:18:17,31.80,35.13,0.00
12:18:37,31.81,35.07,5.00
12:18:57,31.82,35.03,0.00
12:19:17,31.81,35.05,0.00
12:19:37,31.80,35.03,2.00
12:19:57,31.79,35.05,2.00
12:20:17,31.80,34.98,0.00
12:20:37,31.79,34.97,4.00
12:20:58,31.87,34.98,1.00
12:21:18,31.84,34.93,0.00
12:21:38,31.86,34.86,0.00
12:21:58,31.87,34.85,2.00
12:22:18,31.85,34.88,4.00
12:22:38,31.88,34.75,0.00
12:22:58,31.87,34.79,1.00
12:23:18,31.89,34.76,0.00
12:23:38,31.90,34.75,1.00
12:23:58,31.87,34.78,0.00
12:24:18,31.88,34.72,5.00
12:24:38,31.87,34.67,4.00
12:24:58,31.91,34.66,0.00
12:25:18,31.91,34.66,0.00
12:25:39,31.88,34.64,5.00
12:25:59,31.89,34.63,1.00
12:26:19,31.88,34.59,2.00
12:26:39,31.89,34.54,0.00
12:26:59,31.93,34.55,3.00
12:27:19,31.89,34.57,2.00
12:27:39,31.85,34.62,0.00
12:27:59,31.89,34.63,2.00
12:28:19,31.87,34.64,0.00
12:28:39,31.84,34.67,1.00
12:28:59,31.81,34.70,3.00
12:29:19,31.84,34.67,0.00
12:29:39,31.85,34.66,2.00
12:29:59,31.86,34.64,1.00
12:30:19,31.87,34.61,1.00
12:30:40,31.84,34.65,1.00
12:31:00,31.86,34.63,0.00
12:31:20,31.83,34.66,1.00
12:31:40,31.82,34.71,2.00
12:32:00,31.79,34.76,0.00
12:32:20,31.76,34.79,0.00
12:32:40,31.71,34.85,0.00
12:33:00,31.73,34.84,0.00
12:33:20,31.71,34.82,0.00
12:33:40,31.68,34.86,2.00
12:34:00,31.72,34.79,0.00
12:34:20,31.70,34.75,2.00
12:34:40,31.69,34.68,0.00
12:35:00,31.77,34.58,0.00
12:35:21,31.82,34.52,6.00
12:35:41,31.85,34.56,3.00
12:36:01,31.81,34.61,0.00
12:36:21,31.74,34.66,1.00
12:36:41,31.71,34.70,0.00
12:37:01,31.73,34.67,4.00
12:37:21,31.71,34.71,0.00
12:37:41,31.75,35.02,0.00
12:38:01,31.80,34.59,0.00
12:38:21,31.85,34.56,2.00
12:38:41,31.83,34.52,0.00
12:39:01,31.90,34.55,4.00
12:39:21,31.87,34.65,0.00
12:39:41,31.84,34.51,0.00
12:40:01,31.89,34.51,7.00
12:40:22,31.91,34.45,2.00
12:40:42,31.92,34.42,4.00
12:41:02,31.95,34.39,1.00
12:41:22,31.96,34.43,2.00
12:41:42,31.96,34.40,3.00
12:42:02,31.94,34.68,0.00
12:42:22,31.95,34.36,0.00
12:42:42,31.95,34.27,0.00
12:43:02,31.97,34.31,0.00
12:43:22,31.98,34.29,1.00
12:43:42,31.90,34.36,1.00
12:44:02,31.90,34.57,0.00
12:44:22,31.91,34.48,1.00
12:44:42,31.91,34.64,1.00
12:45:03,31.96,34.38,0.00
12:45:23,31.94,34.29,1.00
12:45:43,31.91,34.58,0.00
12:46:03,31.92,34.25,1.00
12:46:23,31.91,34.17,1.00
12:46:43,31.91,34.32,0.00
12:47:03,31.92,34.30,0.00
12:47:23,31.94,34.19,1.00
12:47:43,31.93,34.22,0.00
12:48:03,31.96,34.15,1.00
12:48:23,31.98,34.02,2.00
12:49:03,32.02,34.00,0.00
12:49:43,32.00,34.06,5.00
12:50:04,32.05,34.30,3.00
12:50:24,32.10,34.05,5.00
12:50:44,32.14,33.98,3.00
12:51:04,32.16,33.90,3.00
12:51:24,32.19,33.81,2.00
12:51:44,32.21,34.16,2.00
12:52:04,32.23,33.91,3.00
12:52:24,32.21,34.00,3.00
12:52:44,32.19,33.84,3.00
12:53:04,32.22,33.91,4.00
12:53:24,32.27,33.80,2.00
12:53:44,32.22,33.77,1.00
12:54:04,32.27,33.78,0.00
12:54:45,32.27,33.79,5.00
12:55:05,32.28,33.87,1.00
12:55:25,32.25,33.86,2.00
12:55:45,32.28,33.84,2.00
12:56:05,32.27,33.90,3.00
12:56:25,32.26,34.22,2.00
12:56:45,32.27,33.97,0.00
12:57:05,32.24,34.19,1.00
12:57:25,32.27,34.08,3.00
12:57:45,32.27,34.17,6.00
12:58:05,32.27,34.15,6.00
12:58:25,32.29,34.03,3.00
12:58:45,32.24,34.19,0.00
12:59:05,32.18,34.80,5.00
12:59:25,32.18,34.63,3.00
12:59:46,32.24,34.46,0.00
13:00:06,32.25,34.33,1.00
13:00:26,32.25,34.38,2.00
13:00:46,32.24,34.25,0.00
13:01:06,32.30,34.35,2.00
13:01:26,32.29,34.27,1.00
13:01:46,32.29,34.29,2.00
13:02:06,32.31,34.29,0.00
13:02:26,32.27,34.24,0.00
13:02:46,32.30,34.28,5.00
13:03:06,32.26,34.33,0.00
13:03:26,32.30,34.32,1.00
13:03:46,32.27,34.30,2.00
13:04:06,32.31,34.34,2.00
13:04:27,32.25,34.52,0.00
13:04:47,32.20,34.58,4.00
13:05:07,32.27,34.53,0.00
13:05:27,32.31,34.44,3.00
13:05:47,32.23,34.69,4.00
13:06:07,32.25,34.59,4.00
13:06:27,32.24,34.61,0.00
13:06:47,32.22,34.61,0.00
13:07:07,32.23,34.71,0.00
13:07:27,32.19,34.71,2.00
13:07:47,32.22,34.63,0.00
13:08:07,32.05,35.08,6.00
13:08:27,32.01,35.08,1.00
13:08:47,31.97,35.33,2.00
13:09:07,31.93,35.36,1.00
13:09:28,31.97,35.29,0.00
13:09:48,31.96,35.23,1.00
13:10:08,31.99,35.24,0.00
13:10:28,31.96,35.26,2.00
13:10:48,31.96,35.38,0.00
13:11:08,31.97,35.35,0.00
13:11:28,31.99,35.33,3.00
13:11:48,32.03,35.32,2.00
13:12:08,31.98,35.30,0.00
13:12:28,31.96,35.45,3.00
13:12:48,31.94,35.53,0.00
13:13:08,31.91,35.57,0.00
13:13:28,31.92,35.47,0.00
13:13:48,31.92,35.61,1.00
13:14:08,31.93,35.57,1.00
13:14:29,31.91,35.67,0.00
13:14:49,31.90,35.64,0.00
13:15:09,31.88,35.59,3.00
13:15:29,31.87,35.60,0.00
13:15:49,31.87,35.60,2.00
13:16:09,31.94,35.56,0.00
13:16:29,31.93,35.60,3.00
13:16:49,31.91,35.91,2.00
13:17:09,31.95,35.86,2.00
13:17:29,31.82,35.87,0.00
13:17:49,31.86,35.83,0.00
13:18:09,31.83,35.81,0.00
13:18:29,31.84,35.95,2.00
13:18:49,31.84,36.00,0.00
13:19:10,31.85,36.12,0.00
13:19:30,31.73,36.25,1.00
13:19:50,31.71,36.35,2.00
13:20:10,31.71,36.35,0.00
13:20:30,31.75,36.40,1.00
13:20:50,31.74,36.43,0.00
13:21:10,31.68,36.53,0.00
13:21:30,31.65,36.49,0.00
13:21:50,31.65,36.58,3.00
13:22:10,31.62,36.60,0.00
13:22:30,31.61,36.61,0.00
13:22:50,31.59,36.66,2.00
13:23:10,31.57,36.81,0.00
13:23:30,31.55,36.80,3.00
13:23:50,31.51,36.88,1.00
13:24:11,31.52,36.87,1.00
13:24:31,31.60,36.73,0.00
13:24:51,31.67,36.87,2.00
13:25:11,31.66,36.78,2.00
13:25:31,31.61,36.87,3.00
13:25:51,31.67,36.73,0.00
13:26:11,31.69,36.74,0.00
13:26:31,31.71,36.84,0.00
13:26:51,31.67,36.84,3.00
13:27:11,31.70,36.97,3.00
13:27:31,31.71,36.91,2.00
13:27:51,31.67,36.94,0.00
13:28:11,31.69,37.01,0.00
13:28:31,31.65,37.07,2.00
13:28:52,31.61,37.13,0.00
13:29:12,31.63,37.20,1.00
13:29:32,31.64,37.20,3.00
13:29:52,31.66,37.23,1.00
13:30:12,31.65,37.31,0.00
13:30:32,31.65,37.35,0.00
13:30:52,31.63,37.26,0.00
13:31:12,31.68,37.32,0.00
13:31:32,31.62,37.32,0.00
13:31:52,31.66,37.50,3.00
13:32:12,31.69,37.46,0.00
13:32:32,31.73,37.52,0.00
13:32:52,31.76,37.30,3.00
13:33:12,31.74,37.52,2.00
13:33:32,31.78,37.34,0.00
13:33:53,31.81,37.30,2.00
13:34:13,31.80,37.27,1.00
13:34:33,31.78,37.24,1.00
13:34:53,31.73,37.35,0.00
13:35:13,31.71,37.24,1.00
13:35:33,31.73,37.52,0.00
13:35:53,31.65,37.38,1.00
13:36:13,31.73,37.37,0.00
13:36:33,31.70,37.44,4.00
13:36:53,31.65,37.52,3.00
13:37:13,31.63,37.55,3.00
13:37:33,31.71,37.74,2.00
13:37:53,31.74,37.49,2.00
13:38:13,31.78,37.46,0.00
13:38:34,31.75,37.51,2.00
13:38:54,31.60,37.59,0.00
13:39:14,31.56,37.70,4.00
13:39:34,31.53,37.84,1.00
13:39:54,31.46,37.72,0.00
13:40:14,31.35,37.31,0.00
13:40:34,31.36,37.72,0.00
13:40:54,31.36,37.72,0.00
13:41:14,31.26,37.39,0.00
13:41:34,31.26,37.71,0.00
13:41:54,31.31,37.84,1.00
13:42:14,31.28,37.75,0.00
13:42:34,31.33,37.83,3.00
13:42:54,31.29,37.77,1.00
13:43:14,31.26,37.71,0.00
13:43:35,31.29,37.71,0.00
13:43:55,31.28,37.77,0.00
13:44:15,31.27,37.88,2.00
13:44:35,31.25,38.10,0.00
13:44:55,31.25,38.04,0.00
13:45:15,31.38,37.81,0.00
13:45:35,31.43,37.61,0.00
13:45:55,31.49,37.52,0.00
13:46:15,31.55,37.37,0.00
13:46:35,31.56,37.55,1.00
13:46:55,31.55,37.37,1.00
13:47:15,31.61,37.20,0.00
13:47:35,31.66,37.11,0.00
13:47:55,31.65,37.17,1.00
13:48:16,31.67,37.16,2.00
13:48:36,31.67,37.18,5.00
13:48:56,31.73,37.09,3.00
13:49:16,31.73,37.20,3.00
13:49:36,31.76,37.09,0.00
13:49:56,31.79,37.05,2.00
13:50:16,31.80,37.10,2.00
13:50:36,31.79,37.27,0.00
13:50:56,31.58,37.61,5.00
13:51:16,31.52,37.74,2.00
13:51:36,31.63,37.56,0.00
13:51:56,31.65,37.47,1.00
13:52:16,31.71,37.75,0.00
13:52:36,31.70,37.58,1.00
13:52:56,31.73,37.50,3.00
13:53:17,31.75,37.59,0.00
13:53:37,31.79,37.54,5.00
13:53:57,31.79,37.58,5.00
13:54:17,31.91,37.45,1.00
13:54:37,31.97,37.41,2.00
13:54:57,31.95,37.35,0.00
13:55:17,31.96,37.35,4.00
13:55:37,31.93,37.38,3.00
13:55:57,31.96,37.40,0.00
13:56:17,31.94,37.33,1.00
13:56:37,31.93,37.33,0.00
13:56:57,31.96,37.30,5.00
13:57:17,31.96,37.20,6.00
13:57:37,31.98,37.18,2.00
13:57:58,31.99,37.04,0.00
13:58:18,31.94,37.10,0.00
13:58:38,31.96,37.08,0.00
13:58:58,31.95,36.95,0.00
13:59:18,31.95,37.03,0.00
13:59:38,31.95,37.06,2.00
13:59:58,31.93,37.10,0.00
14:00:18,31.96,37.10,0.00
14:00:38,31.95,37.09,3.00
14:00:58,31.92,37.08,0.00
14:01:18,31.89,37.12,0.00
14:01:38,31.95,37.04,0.00
14:01:58,31.92,37.08,2.00
14:02:18,31.94,37.05,3.00
14:02:38,31.97,36.99,2.00
14:02:59,31.92,37.03,0.00
14:03:19,31.87,37.10,1.00
14:03:39,31.89,37.09,0.00
14:03:59,31.93,36.99,3.00
14:04:19,31.91,36.83,0.00
14:04:39,31.89,36.63,0.00
14:04:59,31.83,36.84,0.00
14:05:19,31.89,36.87,4.00
14:05:39,31.89,36.74,0.00
14:05:59,31.92,36.97,4.00
14:06:19,31.93,36.67,2.00
14:06:39,31.95,36.67,0.00
14:06:59,31.93,36.62,0.00
14:07:19,31.93,36.62,1.00
14:07:39,31.93,36.63,0.00
14:08:00,31.92,36.78,4.00
14:08:20,31.96,37.44,2.00
14:08:40,31.96,36.62,0.00
14:09:00,31.98,36.53,0.00
14:09:20,31.97,36.51,2.00
14:09:40,31.96,36.61,0.00
14:10:00,31.93,36.66,4.00
14:10:20,31.91,36.67,0.00
14:10:40,31.97,36.70,0.00
14:11:00,31.96,36.61,2.00
14:11:20,31.95,36.90,3.00
14:11:40,31.95,36.69,0.00
14:12:00,31.96,36.73,2.00
14:12:20,31.98,37.11,1.00
14:12:41,31.93,36.42,0.00
14:13:01,31.94,36.23,0.00
14:13:21,31.96,36.24,0.00
14:13:41,31.91,36.84,0.00
14:14:01,31.89,36.86,4.00
14:14:21,31.94,36.69,2.00
14:14:41,31.97,36.75,0.00
14:15:01,31.98,36.44,0.00
14:15:21,31.97,36.52,0.00
14:15:41,31.95,36.73,4.00
14:16:01,31.96,37.39,0.00
14:16:21,31.97,36.80,4.00
14:16:41,31.93,37.14,3.00
14:17:01,31.97,37.02,2.00
14:17:21,32.00,36.76,1.00
14:17:42,31.97,36.63,0.00
14:18:02,31.99,36.56,0.00
14:18:22,31.99,36.60,3.00
14:18:42,31.95,36.69,0.00
14:19:02,31.93,36.77,2.00
14:19:22,31.92,36.94,0.00
14:19:42,31.88,37.31,0.00
14:20:02,31.92,36.94,0.00
14:20:22,31.84,36.91,0.00
14:20:42,31.89,37.09,0.00
14:21:02,31.94,37.26,1.00
14:21:22,31.91,36.93,2.00
14:21:42,31.93,36.91,0.00
14:22:02,31.96,37.38,3.00
14:22:23,32.01,38.32,4.00
14:22:43,32.02,38.19,6.00
14:23:03,32.03,37.66,5.00
14:23:23,32.09,36.55,4.00
14:23:43,32.02,36.29,0.00
14:24:03,32.00,36.83,3.00
14:24:23,32.04,36.99,1.00
14:24:43,32.04,36.55,0.00
14:25:03,32.04,36.27,1.00
14:25:23,31.99,36.78,0.00
14:25:43,31.97,37.09,4.00
14:26:03,31.95,37.13,3.00
14:26:23,31.96,36.69,0.00
14:26:43,31.90,36.62,3.00
14:27:03,31.84,36.40,0.00
14:27:24,31.89,36.64,0.00
14:27:44,31.81,36.68,0.00
14:28:04,31.80,36.78,0.00
14:28:24,31.81,36.84,4.00
14:28:44,31.85,36.78,1.00
14:29:04,31.92,36.29,0.00
14:29:24,31.93,36.92,2.00
14:29:44,31.79,37.02,2.00
14:30:04,31.69,37.17,1.00
14:30:24,31.56,37.24,0.00
14:30:44,31.51,36.38,0.00
14:31:04,31.60,37.05,0.00
14:31:24,31.71,36.67,0.00
14:31:44,31.72,36.72,0.00
14:32:05,31.81,36.70,3.00
14:32:25,31.83,36.45,3.00
14:32:45,31.80,36.33,0.00
14:33:05,31.87,36.74,4.00
14:33:25,31.92,36.50,5.00
14:33:45,31.94,36.51,3.00
14:34:05,31.90,36.39,4.00
14:34:25,31.88,36.49,2.00
14:34:45,31.91,36.72,0.00
14:35:05,31.86,36.12,0.00
14:35:25,31.75,35.87,0.00
14:35:45,31.75,36.06,0.00
14:36:05,31.84,36.52,0.00
14:36:25,31.87,36.12,0.00
14:36:45,31.92,36.38,3.00
14:37:06,31.96,36.56,6.00
14:37:26,31.90,35.48,1.00
14:37:46,31.79,35.84,0.00
14:38:06,31.91,36.52,1.00
14:38:26,31.93,35.91,3.00
14:38:46,32.00,36.34,3.00
14:39:06,32.04,35.83,3.00
14:39:26,32.05,36.22,5.00
14:39:46,32.04,35.41,0.00
14:40:06,32.01,35.58,2.00
14:40:26,32.01,35.65,0.00
14:40:46,31.99,35.38,0.00
14:41:06,31.99,35.63,0.00
14:41:26,31.95,35.71,0.00
14:41:47,31.93,35.75,0.00
14:42:07,31.95,35.91,2.00
14:42:27,31.96,35.70,1.00
14:42:47,32.00,35.81,1.00
14:43:07,32.04,35.58,0.00
14:43:27,32.13,35.92,1.00
14:43:47,32.07,35.50,3.00
14:44:07,32.05,35.46,3.00
14:44:27,31.98,35.27,0.00
14:44:47,32.05,35.53,3.00
14:45:07,32.02,35.51,0.00
14:45:27,32.07,35.68,3.00
14:45:47,31.91,35.47,0.00
14:46:07,31.88,35.68,3.00
14:46:27,31.89,35.67,0.00
14:46:48,31.96,35.55,3.00
14:47:08,31.88,35.70,0.00
14:47:28,31.82,35.85,0.00
14:47:48,31.81,35.95,2.00
14:48:08,31.87,35.85,0.00
14:48:28,31.93,35.72,0.00
14:48:48,31.93,35.75,2.00
14:49:08,31.94,35.68,0.00
14:49:28,31.95,35.70,1.00
14:49:48,32.00,35.66,3.00
14:50:08,32.01,35.53,3.00
14:50:28,32.03,35.39,0.00
14:50:48,32.05,35.38,0.00
14:51:08,32.00,35.30,0.00
14:51:29,31.99,35.53,4.00
14:51:49,32.01,35.47,3.00
14:52:09,31.99,35.25,0.00
14:52:29,31.97,35.47,3.00
14:52:49,31.82,35.32,0.00
14:53:09,31.78,35.85,0.00
14:53:29,31.81,35.85,4.00
14:53:49,31.83,35.79,2.00
14:54:09,31.91,35.66,5.00
14:54:29,31.96,35.50,4.00
14:54:49,31.97,35.46,1.00
14:55:09,31.97,35.53,3.00
14:55:29,32.03,35.38,2.00
14:55:49,32.00,35.37,0.00
14:56:09,31.99,35.33,0.00
14:56:30,31.98,35.34,0.00
14:56:50,31.98,35.43,2.00
14:57:10,31.98,35.37,0.00
14:57:30,31.98,35.37,0.00
14:57:50,31.98,35.41,0.00
14:58:10,31.98,35.49,5.00
14:58:30,32.00,35.39,0.00
14:58:50,32.01,35.36,0.00
14:59:10,32.00,35.29,3.00
14:59:30,32.05,35.36,5.00
14:59:50,32.07,35.70,4.00
15:00:10,32.09,36.20,4.00
15:00:30,32.04,36.27,2.00
15:00:50,32.09,37.13,3.00
15:01:10,32.15,36.18,7.00
15:01:31,32.17,37.92,13.00
15:01:51,32.00,35.58,5.00
15:02:11,31.91,35.93,0.00
15:02:31,31.95,35.66,0.00
15:02:51,31.93,35.70,0.00
15:03:11,31.98,35.81,3.00
15:03:31,32.01,35.68,2.00
15:03:51,32.09,35.50,2.00
15:04:11,32.12,35.50,3.00
15:04:31,32.16,35.41,2.00
15:04:51,32.15,35.13,2.00
15:05:11,32.19,35.45,3.00
15:05:31,32.19,35.19,0.00
15:05:51,32.22,35.12,0.00
15:06:12,32.19,35.29,3.00
15:06:32,32.20,35.24,4.00
15:06:52,32.22,35.27,2.00
15:07:12,32.00,35.04,0.00
15:07:32,31.87,35.14,0.00
15:07:52,31.75,35.61,0.00
15:08:12,31.72,35.69,0.00
15:08:32,31.71,35.76,0.00
15:08:52,31.74,35.80,2.00
15:09:12,31.81,35.63,0.00
15:09:32,31.83,35.55,0.00
15:09:52,31.89,35.59,2.00
15:10:12,31.96,35.61,3.00
15:10:32,32.04,35.42,6.00
15:10:52,32.09,35.27,3.00
15:11:13,32.20,35.15,3.00
15:11:33,32.20,35.09,5.00
15:11:53,32.21,35.01,7.00
15:12:13,32.20,35.04,2.00
15:12:33,32.22,35.13,3.00
15:12:53,32.20,35.11,3.00
15:13:13,32.22,35.05,0.00
15:13:33,32.22,35.00,3.00
15:13:53,32.26,35.04,0.00
15:14:13,32.20,35.28,0.00
15:14:33,32.22,35.18,2.00
15:14:53,32.12,35.35,1.00
15:15:13,32.12,35.41,3.00
15:15:33,32.07,35.40,0.00
15:15:54,32.09,35.40,2.00
15:16:14,32.06,35.43,1.00
15:16:34,32.12,35.42,2.00
15:16:54,32.15,35.40,0.00
15:17:14,32.16,35.32,0.00
15:17:34,32.14,35.45,3.00
15:17:54,32.07,35.52,1.00
15:18:14,32.10,35.56,1.00
15:18:34,32.19,35.41,3.00
15:18:54,32.28,35.32,1.00
15:19:14,32.31,35.31,2.00
15:19:34,32.28,35.33,1.00
15:19:54,32.26,35.41,1.00
15:20:14,32.22,35.44,2.00
15:20:34,32.24,35.52,4.00
15:20:55,32.24,35.57,0.00
15:21:15,32.31,35.52,2.00
15:21:35,32.35,35.43,0.00
15:21:55,32.29,35.59,2.00
15:22:15,32.20,35.72,2.00
15:22:35,32.04,35.94,0.00
15:22:55,32.04,35.98,0.00
15:23:15,32.08,36.01,3.00
15:23:35,32.19,35.83,0.00
15:23:55,32.23,35.81,2.00
15:24:15,32.28,35.71,3.00
15:24:35,32.21,35.73,0.00
15:24:55,32.13,35.97,0.00
15:25:15,32.11,36.06,0.00
15:25:36,32.11,36.06,4.00
15:25:56,32.08,36.08,0.00
15:26:16,32.16,36.46,3.00
15:26:36,32.19,35.94,1.00
15:26:56,32.22,36.26,0.00
15:27:16,32.25,36.25,0.00
15:27:36,32.26,35.91,1.00
15:27:56,32.29,36.02,1.00
15:28:16,32.28,35.96,4.00
15:28:36,32.23,36.08,4.00
15:28:56,32.10,36.49,6.00
15:29:16,31.99,36.50,2.00
15:29:36,31.98,36.60,7.00
15:29:56,31.99,36.66,4.00
15:30:17,32.09,36.40,5.00
15:30:37,32.13,36.42,10.00
15:30:57,32.23,36.22,12.00
15:31:17,32.28,35.89,12.00
15:31:37,32.25,36.36,11.00
15:31:57,32.25,36.03,14.00
15:32:17,32.29,36.30,15.00
15:32:37,32.27,36.21,17.00
15:32:57,32.29,36.51,18.00
15:33:17,32.37,36.06,15.00
15:33:37,32.43,35.77,16.00
15:33:57,32.47,35.74,16.00
15:34:17,32.50,36.01,19.00
15:34:37,32.47,35.72,16.00
15:34:57,32.43,35.78,14.00
15:35:18,32.47,35.90,16.00
15:35:38,32.48,35.99,19.00
15:35:58,32.50,35.65,19.00
15:36:18,32.48,35.93,20.00
15:36:38,32.51,35.76,17.00
15:36:58,32.37,36.02,14.00
15:37:18,32.38,36.04,10.00
15:37:38,32.43,36.01,12.00
15:37:58,32.45,36.13,10.00
15:38:18,32.42,35.99,10.00
15:38:38,32.48,35.88,11.00
15:38:58,32.46,35.84,9.00
15:39:18,32.54,35.83,5.00
15:39:38,32.51,35.68,4.00
15:39:59,32.46,35.63,3.00
15:40:19,32.44,35.78,3.00
15:40:39,32.42,36.00,3.00
15:40:59,32.32,35.81,1.00
15:41:19,32.26,36.01,0.00
15:41:39,32.14,36.08,0.00
15:41:59,32.19,36.36,0.00
15:42:19,32.08,36.19,0.00
15:42:39,32.09,36.32,0.00
15:42:59,32.08,36.21,0.00
15:43:19,32.09,36.29,0.00
15:43:39,32.20,36.49,1.00
15:43:59,32.25,36.10,0.00
15:44:19,32.28,36.16,0.00
15:44:39,32.30,36.13,0.00
15:45:00,32.37,36.44,4.00
15:45:20,32.34,36.03,0.00
15:45:40,32.19,36.14,0.00
15:46:00,32.18,36.14,0.00
15:46:20,32.20,36.16,0.00
15:46:40,32.16,36.11,0.00
15:47:00,32.17,36.28,0.00
15:47:20,32.21,36.21,0.00
15:47:40,32.30,36.14,0.00
15:48:00,32.38,36.08,0.00
15:48:20,32.26,36.05,0.00
15:48:40,32.18,36.39,0.00
15:49:00,32.12,36.63,0.00
15:49:20,32.02,36.75,0.00
15:49:41,32.06,36.80,0.00
15:50:01,32.22,36.52,0.00
15:50:21,32.23,36.32,0.00
15:50:41,32.19,36.33,1.00
15:51:01,32.25,36.29,0.00
15:51:21,32.30,36.30,2.00
15:51:41,32.26,36.13,0.00
15:52:01,32.28,36.10,0.00
15:52:21,32.24,36.21,0.00
15:52:41,32.20,36.42,0.00
15:53:01,32.18,36.37,0.00
15:53:21,32.13,36.47,0.00
15:53:41,32.05,36.36,0.00
15:54:01,32.09,36.63,0.00
15:54:21,32.21,36.79,0.00
15:54:42,32.16,36.58,0.00
15:55:02,32.23,36.50,0.00
15:55:22,32.31,37.71,1.00
15:55:42,32.34,36.30,0.00
15:56:02,32.23,36.66,0.00
15:56:22,32.16,36.69,0.00
15:56:42,32.10,38.41,0.00
15:57:02,32.04,36.30,0.00
15:57:22,31.96,36.57,0.00
15:57:42,31.99,36.85,0.00
15:58:02,32.04,36.85,0.00
15:58:22,32.10,36.81,0.00
15:58:42,32.04,36.67,0.00
15:59:02,32.03,36.86,0.00
15:59:23,31.98,37.02,0.00
15:59:43,31.98,36.91,0.00
16:00:03,31.97,37.02,0.00
16:00:23,31.96,37.02,0.00
16:00:43,31.97,37.14,0.00
16:01:03,31.98,37.16,0.00
16:01:23,31.99,36.75,0.00
16:01:43,32.01,37.02,0.00
16:02:03,32.05,36.84,0.00
16:02:23,32.08,36.68,0.00
16:02:43,31.99,36.52,0.00
16:03:03,31.97,36.50,0.00
16:03:23,31.88,36.94,0.00
16:03:43,31.83,36.52,0.00
16:04:03,31.90,37.05,0.00
16:04:24,31.94,36.72,0.00
16:04:44,31.99,36.58,0.00
16:05:04,31.98,36.59,0.00
16:05:24,31.96,36.73,0.00
16:05:44,31.99,36.60,0.00
16:06:04,31.98,36.50,0.00
16:06:24,31.97,36.42,0.00
16:06:44,31.95,36.32,0.00
16:07:04,31.96,36.83,0.00
16:07:24,31.96,36.84,0.00
16:07:44,31.96,36.79,0.00
16:08:04,31.96,36.53,0.00
16:08:24,31.99,36.53,0.00
16:08:44,31.94,36.55,0.00
16:09:05,31.96,36.63,0.00
16:09:25,32.00,36.37,0.00
16:09:45,31.97,36.56,0.00
16:10:05,31.97,36.61,0.00
16:10:25,31.95,36.63,0.00
16:10:45,31.96,36.60,0.00
16:11:05,31.95,36.64,0.00
16:11:25,32.00,36.55,0.00
16:11:45,32.07,36.45,0.00
16:12:05,32.00,36.25,0.00
16:12:25,31.97,36.44,0.00
16:12:45,31.96,36.56,0.00
16:13:05,31.96,36.56,0.00
16:13:25,31.99,36.67,0.00
16:13:45,31.98,36.01,0.00
16:14:06,32.00,36.51,0.00
16:14:26,31.97,36.48,0.00
16:14:46,31.96,36.38,0.00
16:15:06,31.97,36.68,0.00
16:15:26,31.97,36.59,0.00
16:15:46,31.97,36.53,0.00
16:16:06,31.98,36.62,0.00
16:16:26,31.95,36.76,0.00
16:16:46,31.94,36.68,0.00
16:17:06,31.97,36.67,1.00
16:17:26,32.01,36.80,4.00
16:17:46,31.98,36.73,1.00
16:18:06,31.99,36.64,1.00
16:18:26,31.96,36.61,0.00
16:18:47,31.95,36.66,0.00
16:19:07,31.97,36.70,0.00
16:19:27,32.03,36.61,0.00
16:19:47,31.99,36.68,0.00
16:20:07,32.04,36.67,0.00
16:20:27,31.94,36.38,0.00
16:20:47,31.93,36.77,0.00
16:21:07,31.96,36.70,0.00
16:21:27,32.01,36.64,2.00
16:21:47,32.03,36.66,0.00
16:22:07,32.00,36.79,0.00
16:22:27,31.95,36.73,1.00
16:22:47,31.96,36.70,0.00
16:23:07,31.97,36.75,2.00
16:23:27,31.97,36.63,1.00
16:23:48,31.99,36.59,0.00
16:24:08,31.91,36.65,0.00
16:24:28,31.85,36.52,0.00
16:24:48,31.73,36.57,0.00
16:25:08,31.69,36.94,0.00
16:25:28,31.73,36.93,0.00
16:25:48,31.75,36.94,0.00
16:26:08,31.80,36.87,0.00
16:26:28,31.86,36.69,0.00
16:26:48,31.83,36.65,0.00
16:27:08,31.93,36.57,0.00
16:27:28,31.89,36.50,0.00
16:27:48,31.85,36.52,0.00
16:28:08,31.79,36.62,0.00
16:28:29,31.76,36.82,0.00
16:28:49,31.74,36.77,0.00
16:29:09,31.65,36.95,0.00
16:29:29,31.60,36.89,0.00
16:29:49,31.71,36.97,0.00
16:30:09,31.87,36.63,0.00
16:30:29,31.92,36.55,0.00
16:30:49,31.93,36.49,0.00
16:31:09,31.93,36.51,2.00
16:31:29,31.98,36.53,4.00
16:31:49,32.03,36.32,6.00
16:32:09,31.94,36.45,3.00
16:32:29,31.95,36.50,5.00
16:32:49,31.98,36.43,6.00
16:33:09,32.03,36.33,6.00
16:33:30,32.05,36.28,9.00
16:33:50,32.01,36.32,10.00
16:34:10,32.06,36.19,9.00
16:34:30,32.13,36.01,10.00
16:34:50,32.18,35.97,12.00
16:35:10,32.17,35.93,12.00
16:35:30,32.16,35.84,11.00
16:35:50,32.12,35.93,10.00
16:36:10,32.06,36.11,9.00
16:36:30,32.07,36.12,10.00
16:36:50,32.00,36.05,8.00
16:37:10,32.01,36.08,5.00
16:37:30,32.06,35.93,6.00
16:37:50,32.03,36.09,8.00
16:38:11,32.05,35.62,7.00
16:38:31,32.07,36.09,11.00
16:38:51,32.16,35.99,9.00
16:39:11,32.12,35.94,10.00
16:39:31,32.00,36.07,7.00
16:39:51,32.03,36.16,9.00
16:40:11,32.12,36.06,9.00
16:40:31,32.15,35.99,10.00
16:40:51,32.15,36.00,10.00
16:41:11,32.16,35.98,12.00
16:41:31,32.15,35.99,12.00
16:41:51,32.17,35.93,13.00
16:42:11,32.23,35.87,14.00
16:42:31,32.22,35.88,15.00
16:42:51,32.23,35.89,16.00
16:43:12,32.20,35.95,18.00
16:43:32,32.20,35.98,18.00
16:43:52,32.19,35.99,17.00
16:44:12,31.98,36.51,15.00
16:44:32,31.96,36.52,12.00
16:44:52,31.97,36.45,12.00
16:45:12,31.99,36.46,13.00
16:45:32,31.98,36.50,13.00
16:45:52,31.95,36.62,15.00
16:46:12,31.96,36.60,14.00
16:46:32,32.03,36.42,12.00
16:46:52,32.07,36.38,17.00
16:47:12,32.13,36.35,14.00
16:47:32,32.01,36.44,14.00
16:47:53,32.03,36.54,12.00
16:48:13,31.98,36.41,12.00
16:48:33,31.94,36.68,9.00
16:48:53,31.87,36.82,10.00
16:49:13,31.77,37.07,6.00
16:49:33,31.84,37.09,4.00
16:49:53,31.95,36.83,5.00
16:50:13,31.98,36.78,8.00
16:50:33,31.88,37.15,6.00
16:50:53,31.89,36.93,7.00
16:51:13,31.93,37.22,8.00
16:51:33,31.96,37.08,7.00
16:51:53,31.91,37.96,10.00
16:52:13,31.85,37.38,9.00
16:52:33,31.89,37.28,8.00
16:52:54,31.96,37.44,8.00
16:53:14,32.02,37.15,9.00
16:53:34,32.08,37.55,10.00
16:53:54,32.14,37.06,12.00
16:54:14,32.16,36.95,15.00
16:54:34,32.14,36.92,11.00
16:54:54,32.19,36.90,12.00
16:55:14,32.18,37.04,13.00
16:55:34,32.25,36.97,13.00
16:55:54,32.28,36.90,14.00
16:56:14,32.31,36.71,16.00
16:56:34,32.30,36.66,15.00
16:56:54,32.35,36.71,13.00
16:57:14,32.38,36.69,15.00
16:57:35,32.35,36.68,17.00
16:57:55,32.35,36.69,17.00
16:58:15,32.43,36.77,17.00
16:58:35,32.26,37.23,20.00
16:58:55,32.15,37.46,14.00
16:59:15,32.14,37.21,16.00
16:59:35,32.23,37.17,17.00
16:59:55,32.26,37.03,19.00
17:00:15,32.26,37.00,19.00
17:00:35,32.31,37.02,18.00
17:00:55,32.37,37.03,19.00
17:01:15,32.34,36.95,20.00
17:01:35,32.31,37.05,16.00
17:01:55,32.36,37.00,20.00
17:02:15,32.39,36.90,22.00
17:02:36,32.44,36.79,23.00
17:02:56,32.41,36.96,24.00
17:03:16,32.39,36.96,23.00
17:03:36,32.38,36.95,23.00
17:03:56,32.40,36.81,26.00
17:04:16,32.40,36.80,27.00
17:04:36,32.43,36.85,27.00
17:04:56,32.32,36.92,28.00
17:05:16,32.26,37.22,29.00
17:05:36,32.27,37.00,28.00
17:05:56,32.19,37.04,29.00
17:06:16,32.21,37.15,29.00
17:06:36,32.34,36.99,34.00
17:06:56,32.28,37.39,33.00
17:07:17,32.23,37.27,31.00
17:07:37,32.23,37.23,29.00
17:07:57,32.03,37.74,27.00
17:08:17,32.05,37.63,28.00
17:08:37,32.15,37.42,31.00
17:08:57,32.15,37.46,35.00
17:09:17,32.15,37.60,32.00
17:09:37,32.14,37.65,29.00
17:09:57,32.22,37.46,30.00
17:10:17,32.22,37.51,33.00
17:10:37,32.24,37.29,35.00
17:10:57,32.30,37.44,33.00
17:11:17,32.35,37.24,32.00
17:11:37,32.30,37.40,32.00
17:11:57,32.36,37.29,30.00
17:12:18,32.39,37.28,33.00
17:12:38,32.42,37.24,32.00
17:12:58,32.42,37.31,34.00
17:13:18,32.42,37.34,30.00
17:13:38,32.40,37.38,28.00
17:13:58,32.43,37.19,34.00
17:14:18,32.44,37.24,30.00
17:14:38,32.43,37.38,31.00
17:14:58,32.36,37.46,33.00
17:15:18,32.26,37.87,29.00
17:15:38,32.19,38.01,28.00
17:15:58,32.19,37.91,31.00
17:16:18,32.12,38.01,26.00
17:16:38,32.21,37.84,26.00
17:16:59,32.22,37.92,23.00
17:17:19,32.21,37.93,24.00
17:17:39,32.11,38.08,24.00
17:17:59,32.10,38.08,20.00
17:18:19,32.03,38.09,19.00
17:18:39,32.08,37.89,19.00
17:18:59,32.08,37.87,19.00
17:19:19,32.10,37.87,19.00
17:19:39,32.12,37.92,20.00
17:19:59,32.09,37.82,19.00
17:20:19,32.09,37.92,20.00
17:20:39,32.15,37.79,19.00
17:20:59,32.22,37.66,20.00
17:21:19,32.26,37.63,21.00
17:21:39,32.31,37.41,21.00
17:22:00,32.37,37.31,20.00
17:22:20,32.35,37.73,20.00
17:22:40,32.25,38.10,20.00
17:23:00,32.23,37.75,22.00
17:23:20,32.20,37.64,18.00
17:23:40,32.16,37.78,20.00
17:24:00,32.21,37.40,21.00
17:24:20,32.24,37.45,21.00
17:24:40,32.28,37.39,17.00
17:25:00,32.36,37.40,22.00
17:25:20,32.31,37.24,23.00
17:25:40,32.29,37.15,22.00
17:26:00,32.34,37.16,23.00
17:26:20,32.37,37.23,27.00
17:26:41,32.33,37.38,28.00
17:27:01,32.33,37.25,29.00
17:27:21,32.37,37.15,26.00
17:27:41,32.33,37.20,24.00
17:28:01,32.33,37.18,27.00
17:28:21,32.30,37.25,24.00
17:28:41,32.32,37.70,28.00
17:29:01,32.11,37.90,25.00
17:29:21,32.19,37.56,27.00
17:29:41,32.21,37.42,28.00
17:30:01,32.30,37.37,26.00
17:30:21,32.26,37.65,27.00
17:30:41,32.13,37.92,29.00
17:31:01,31.99,38.34,29.00
17:31:21,31.84,38.80,27.00
17:31:42,31.91,38.62,24.00
17:32:02,31.83,38.84,22.00
17:32:22,31.85,38.63,20.00
17:32:42,31.79,38.68,20.00
17:33:02,31.78,38.76,19.00
17:33:22,31.65,39.02,15.00
17:33:42,31.61,38.99,15.00
17:34:02,31.72,38.86,13.00
17:34:22,31.76,38.75,13.00
17:34:42,31.80,38.67,14.00
17:35:02,31.86,38.62,13.00
17:35:22,31.90,38.54,12.00
17:35:42,31.96,38.39,16.00
17:36:02,31.96,38.60,14.00
17:36:23,31.92,38.50,13.00
17:36:43,31.96,38.34,10.00
17:37:03,32.00,38.28,15.00
17:37:23,32.01,38.22,13.00
17:37:43,32.04,38.31,16.00
17:38:03,32.04,38.19,12.00
17:38:23,32.07,38.21,13.00
17:38:43,32.09,38.22,11.00
17:39:03,32.07,38.11,12.00
17:39:23,32.08,38.35,16.00
17:39:43,32.07,38.36,13.00
17:40:03,32.06,38.28,13.00
17:40:23,32.10,38.24,16.00
17:40:43,31.98,38.57,15.00
17:41:03,31.92,38.65,18.00
17:41:24,31.87,38.68,15.00
17:41:44,31.92,38.67,13.00
17:42:04,31.98,38.55,17.00
17:42:24,31.96,38.58,17.00
17:42:44,31.94,38.68,15.00
17:43:04,31.96,38.99,19.00
17:43:24,31.96,38.65,17.00
17:43:44,31.99,38.49,13.00
17:44:04,32.04,38.40,18.00
17:44:24,31.97,39.02,15.00
17:44:44,31.94,38.78,12.00
17:45:04,32.00,38.52,15.00
17:45:24,32.01,38.53,20.00
17:45:44,31.98,38.74,20.00
17:46:05,31.97,38.74,17.00
17:46:25,31.95,39.02,16.00
17:46:45,31.85,39.28,13.00
17:47:05,31.76,39.31,12.00
17:47:25,31.72,39.44,10.00
17:47:45,31.76,39.27,11.00
17:48:05,31.83,39.31,10.00
17:48:25,31.71,39.46,9.00
17:48:45,31.52,39.97,7.00
17:49:05,31.46,40.27,3.00
17:49:25,31.47,40.23,1.00
17:49:45,31.42,40.42,0.00
17:50:05,31.46,40.06,2.00
17:50:25,31.49,40.27,0.00
17:50:45,31.53,39.90,0.00
17:51:06,31.58,39.77,1.00
17:51:26,31.63,39.93,2.00
17:51:46,31.59,40.07,3.00
17:52:06,31.64,40.15,0.00
17:52:26,31.54,40.08,0.00
17:52:46,31.62,39.86,0.00
17:53:06,31.66,39.79,0.00
17:53:26,31.75,39.70,0.00
17:53:46,31.75,39.95,0.00
17:54:06,31.65,40.22,0.00
17:54:26,31.66,39.99,0.00
17:54:46,31.66,39.90,0.00
17:55:06,31.75,39.71,0.00
17:55:26,31.78,39.80,0.00
17:55:46,31.71,40.24,0.00
17:56:07,31.64,40.20,0.00
17:56:27,31.71,40.14,0.00
17:56:47,31.76,39.93,0.00
17:57:07,31.76,39.88,1.00
17:57:27,31.81,39.74,1.00
17:57:47,31.80,40.19,2.00
17:58:07,31.46,41.51,0.00
17:58:27,31.33,41.43,0.00
17:58:47,31.19,41.61,0.00
17:59:07,31.24,41.34,0.00
17:59:27,31.31,41.16,0.00
17:59:47,31.26,41.95,0.00
18:00:07,31.30,41.93,0.00
18:00:27,31.26,42.35,0.00
18:00:48,31.20,41.94,0.00
18:01:08,31.25,41.88,0.00
18:01:28,31.21,42.72,0.00
18:01:48,31.01,43.06,0.00
18:02:08,31.03,42.58,0.00
18:02:28,31.10,42.71,0.00
18:02:48,31.09,42.88,0.00
18:03:08,31.06,42.76,0.00
18:03:28,31.19,42.62,0.00
18:03:48,31.32,42.41,0.00
18:04:08,31.35,42.29,0.00
18:04:28,31.38,42.37,0.00
18:04:48,31.41,42.31,0.00
18:05:08,31.48,42.02,0.00
18:05:28,31.49,41.93,0.00
18:05:49,31.34,41.86,0.00
18:06:09,31.32,42.10,0.00
18:06:29,31.41,42.10,0.00
18:06:49,31.46,41.99,0.00
18:07:09,31.49,41.88,0.00
18:07:29,31.57,41.59,0.00
18:07:49,31.68,41.21,0.00
18:08:09,31.67,41.21,0.00
18:08:29,31.71,40.90,0.00
18:08:49,31.76,40.74,0.00
18:09:09,31.81,40.71,0.00
18:09:29,31.85,40.36,0.00
18:09:49,31.76,40.56,0.00
18:10:09,31.79,40.40,0.00
18:10:30,31.82,40.67,0.00
18:10:50,31.82,40.49,0.00
18:11:10,31.80,40.91,2.00
18:11:30,31.70,40.97,0.00
18:11:50,31.75,40.68,0.00
18:12:10,31.77,40.57,0.00
18:12:30,31.80,40.57,5.00
18:12:50,31.62,41.19,6.00
18:13:10,31.68,40.98,3.00
18:13:30,31.61,41.74,2.00
18:13:50,31.53,42.13,7.00
18:14:10,31.36,42.91,6.00
18:14:30,31.23,42.62,3.00
18:14:50,31.31,41.93,1.00
18:15:10,31.44,41.91,0.00
18:15:31,31.41,42.21,4.00
18:15:51,31.42,42.07,0.00
18:16:11,31.18,43.06,1.00
18:16:31,31.14,42.92,0.00
18:16:51,31.22,42.97,0.00
18:17:11,31.20,42.65,0.00
18:17:31,31.24,42.53,1.00
18:17:51,31.29,42.49,0.00
18:18:11,31.29,42.21,0.00
18:18:31,31.45,41.97,0.00
18:18:51,31.46,42.27,1.00
18:19:11,31.41,42.49,0.00
18:19:31,31.32,42.39,0.00
18:19:51,31.41,42.32,1.00
18:20:12,31.42,42.33,6.00
18:20:32,31.46,42.04,4.00
18:20:52,31.47,42.16,4.00
18:21:12,31.49,42.07,5.00
18:21:32,31.56,41.89,1.00
18:21:52,31.65,41.70,6.00
18:22:12,31.67,41.85,9.00
18:22:32,31.71,41.62,6.00
18:22:52,31.74,41.42,11.00
18:23:12,31.77,41.37,9.00
18:23:32,31.75,41.31,11.00
18:23:52,31.77,41.32,14.00
18:24:12,31.76,41.37,15.00
18:24:32,31.79,41.33,16.00
18:24:52,31.77,41.28,13.00
18:25:13,31.77,41.34,14.00
18:25:33,31.76,41.45,14.00
18:25:53,31.67,41.58,15.00
18:26:13,31.72,41.54,17.00
18:26:33,31.71,41.58,17.00
18:26:53,31.71,41.67,15.00
18:27:13,31.68,41.69,16.00
18:27:33,31.74,41.53,16.00
18:27:53,31.79,41.30,18.00
18:28:13,31.81,41.27,19.00
18:28:33,31.83,41.27,22.00
18:28:53,31.79,41.28,22.00
18:29:13,31.81,41.32,25.00
18:29:33,31.82,41.30,28.00
18:29:54,31.83,41.33,26.00
18:30:14,31.84,41.29,25.00
18:30:34,31.80,41.38,26.00
18:30:54,31.84,41.34,28.00
18:31:14,31.84,41.21,29.00
18:31:34,31.88,41.07,29.00
18:31:54,31.91,41.04,30.00
18:32:14,31.91,41.11,31.00
18:32:34,31.89,41.03,32.00
18:32:54,31.91,40.99,33.00
18:33:14,31.88,41.05,34.00
18:33:34,31.85,41.08,36.00
18:33:54,31.90,41.05,37.00
18:34:14,31.88,41.04,40.00
18:34:34,31.88,41.06,37.00
18:34:55,31.93,40.96,40.00
18:35:15,31.93,40.94,40.00
18:35:35,31.94,40.91,39.00
18:35:55,31.94,40.83,44.00
18:36:15,31.96,40.76,43.00
18:36:35,31.95,40.91,45.00
18:36:55,31.94,40.96,42.00
18:37:15,31.95,40.85,43.00
18:37:35,31.93,40.93,48.00
18:37:55,31.95,41.05,47.00
18:38:15,31.96,40.88,49.00
18:38:35,31.95,40.80,48.00
18:38:55,31.98,40.71,49.00
18:39:15,31.97,40.70,46.00
18:39:36,31.96,40.67,50.00
18:39:56,31.97,40.66,47.00
18:40:16,31.96,40.64,50.00
18:40:36,31.95,40.65,48.00
18:40:56,31.92,40.70,50.00
18:41:16,31.94,40.68,52.00
18:41:36,31.94,40.72,50.00
18:41:56,31.92,40.71,53.00
18:42:16,31.94,40.71,54.00
18:42:36,31.93,40.68,55.00
18:42:56,31.91,40.67,51.00
18:43:16,31.85,40.74,52.00
18:43:36,31.88,40.79,54.00
18:43:56,31.89,40.69,54.00
18:44:16,31.91,40.67,57.00
18:44:37,31.93,40.63,57.00
18:44:57,31.89,40.57,56.00
18:45:17,31.80,40.71,59.00
18:45:37,31.86,40.70,59.00
18:45:57,31.90,40.61,58.00
18:46:17,31.89,40.54,59.00
18:46:37,31.92,40.55,60.00
18:46:57,31.90,40.53,63.00
18:47:17,31.91,40.48,64.00
18:47:37,31.93,40.47,63.00
18:47:57,31.90,40.47,65.00
18:48:17,31.92,40.43,65.00
18:48:37,31.90,40.47,68.00
18:48:57,31.90,40.48,66.00
18:49:18,31.90,40.45,66.00
18:49:38,31.87,40.46,70.00
18:49:58,31.82,40.42,68.00
18:50:18,31.70,40.08,65.00
18:50:38,31.60,40.29,61.00
18:50:58,31.52,40.52,62.00
18:51:18,31.56,40.58,61.00
18:51:38,31.62,40.82,59.00
18:51:58,31.63,40.72,62.00
18:52:18,31.65,40.43,60.00
18:52:38,31.67,40.43,65.00
18:52:58,31.67,40.50,61.00
18:53:18,31.68,40.18,64.00
18:53:38,31.66,40.29,63.00
18:53:58,31.65,40.34,62.00
18:54:19,31.71,40.40,64.00
18:54:39,31.67,40.06,61.00
18:54:59,31.46,40.38,59.00
18:55:19,31.46,40.58,58.00
18:55:39,31.48,40.45,56.00
18:55:59,31.50,40.52,57.00
18:56:19,31.60,40.46,58.00
18:56:39,31.58,40.30,60.00
18:56:59,31.57,40.42,62.00
18:57:19,31.56,40.43,60.00
18:57:39,31.59,40.29,62.00
18:57:59,31.49,40.09,60.00
18:58:19,31.48,40.52,60.00
18:58:39,31.50,40.53,60.00
18:58:59,31.57,40.39,60.00
18:59:20,31.57,40.20,63.00
18:59:40,31.60,40.16,66.00
19:00:00,31.62,40.06,64.00
19:00:20,31.57,39.74,64.00
19:00:40,31.57,39.88,64.00
19:01:00,31.55,39.83,65.00
19:01:20,31.49,40.03,64.00
19:01:40,31.51,39.70,66.00
19:02:00,31.51,39.70,64.00
19:02:20,31.52,39.79,63.00
19:02:40,31.53,39.76,62.00
19:03:00,31.59,39.70,65.00
19:03:20,31.54,39.64,59.00
19:03:40,31.56,39.67,64.00
19:04:01,31.56,39.74,61.00
19:04:21,31.53,39.41,62.00
19:04:41,31.55,39.65,63.00
19:05:01,31.55,39.65,60.00
19:05:21,31.65,39.54,63.00
19:05:41,31.63,39.43,63.00
19:06:01,31.65,39.40,61.00
19:06:21,31.63,39.34,63.00
19:06:41,31.64,39.26,64.00
19:07:01,31.59,39.32,61.00
19:07:21,31.56,39.32,60.00
19:07:41,31.60,39.22,58.00
19:08:01,31.61,39.12,62.00
19:08:21,31.60,39.14,59.00
19:08:41,31.57,39.11,57.00
19:09:02,31.55,39.05,57.00
19:09:22,31.52,39.08,53.00
19:09:42,31.51,39.26,56.00
19:10:02,31.49,39.24,57.00
19:10:22,31.53,39.18,53.00
19:10:42,31.54,39.11,54.00
19:11:02,31.50,38.92,53.00
19:11:22,31.47,38.71,52.00
19:11:42,31.47,39.19,53.00
19:12:02,31.44,39.18,53.00
19:12:22,31.49,38.81,55.00
19:12:42,31.46,38.88,50.00
19:13:02,31.46,39.16,48.00
19:13:22,31.46,38.95,52.00
19:13:43,31.46,39.06,52.00
19:14:03,31.45,39.04,53.00
19:14:23,31.46,39.04,51.00
19:14:43,31.46,38.49,52.00
19:15:03,31.47,38.66,51.00
19:15:23,31.45,38.19,48.00
19:15:43,31.43,38.33,49.00
19:16:03,31.30,37.99,47.00
19:16:23,31.22,38.74,43.00
19:16:43,31.17,38.78,43.00
19:17:03,31.18,39.03,45.00
19:17:23,31.16,38.74,45.00
19:17:43,31.20,38.66,39.00
19:18:03,31.21,38.77,43.00
19:18:23,31.28,38.78,43.00
19:18:44,31.29,38.74,44.00
19:19:04,31.35,38.64,44.00
19:19:24,31.43,38.52,48.00
19:19:44,31.41,38.52,48.00
19:20:04,31.46,38.64,46.00
19:20:24,31.45,38.57,46.00
19:20:44,31.34,38.81,49.00
19:21:04,31.33,38.89,47.00
19:21:24,31.31,39.13,45.00
19:21:44,31.36,38.86,48.00
19:22:04,31.33,38.87,49.00
19:22:24,31.38,38.98,49.00
19:22:44,31.39,38.87,51.00
19:23:04,31.40,38.94,52.00
19:23:25,31.39,39.00,52.00
19:23:45,31.40,39.09,54.00
19:24:05,31.44,39.03,55.00
19:24:25,31.45,39.08,55.00
19:24:45,31.45,39.11,56.00
19:25:05,31.42,39.27,56.00
19:25:25,31.42,39.33,54.00
19:25:45,31.45,39.32,58.00
19:26:05,31.41,39.38,59.00
19:26:25,31.44,39.44,60.00
19:26:45,31.44,39.07,59.00
19:27:05,31.42,39.06,60.00
19:27:25,31.42,39.16,58.00
19:27:45,31.47,39.39,60.00
19:28:05,31.46,39.33,60.00
19:28:26,31.50,39.31,62.00
19:28:46,31.46,39.28,65.00
19:29:06,31.48,39.17,63.00
19:29:26,31.44,39.29,64.00
19:29:46,31.47,39.32,64.00
19:30:06,31.46,39.25,66.00
19:30:26,31.46,39.17,65.00
19:30:46,31.45,39.21,61.00
19:31:06,31.28,39.12,64.00
19:31:26,31.24,39.40,64.00
19:31:46,31.19,39.13,63.00
19:32:06,31.23,39.50,64.00
19:32:26,31.23,39.53,65.00
19:32:46,31.26,39.34,65.00
19:33:07,31.29,39.34,65.00
19:33:27,31.34,39.33,65.00
19:33:47,31.34,39.50,65.00
19:34:07,31.39,39.41,66.00
19:34:27,31.38,39.35,67.00
19:34:47,31.42,39.51,68.00
19:35:07,31.37,39.35,69.00
19:35:27,31.44,39.48,71.00
19:35:47,31.43,39.48,71.00
19:36:07,31.41,39.31,70.00
19:36:27,31.29,39.30,70.00
19:36:47,31.24,39.39,73.00
19:37:07,31.24,39.61,74.00
19:37:27,31.26,39.69,74.00
19:37:47,31.23,39.42,74.00
19:38:08,31.19,39.76,70.00
19:38:28,31.23,39.74,72.00
19:38:48,31.29,39.70,71.00
19:39:08,31.34,39.59,75.00
19:39:28,31.35,39.56,78.00
19:39:48,31.41,39.65,79.00
19:40:08,31.43,39.51,75.00
19:40:28,31.44,39.48,78.00
19:40:48,31.40,39.52,76.00
19:41:08,31.42,39.53,78.00
19:41:28,31.39,39.60,80.00
19:41:48,31.43,39.56,82.00
19:42:08,31.41,39.61,79.00
19:42:28,31.44,39.58,83.00
19:42:49,31.45,39.60,82.00
19:43:09,31.45,39.66,84.00
19:43:29,31.44,39.63,86.00
19:43:49,31.45,39.67,87.00
19:44:09,31.42,39.65,86.00
19:44:29,31.41,39.78,85.00
19:44:49,31.43,39.74,91.00
19:45:09,31.42,39.74,87.00
19:45:29,31.42,39.83,90.00
19:45:49,31.39,39.84,90.00
19:46:09,31.45,39.73,90.00
19:46:29,31.44,39.80,94.00
19:46:49,31.38,39.90,93.00
19:47:09,31.40,39.96,94.00
19:47:29,31.40,39.90,95.00
19:47:50,31.41,39.85,98.00
19:48:10,31.45,39.84,93.00
19:48:30,31.45,39.86,97.00
19:48:50,31.46,39.79,97.00
19:49:10,31.48,39.77,97.00
19:49:30,31.48,39.76,98.00
19:49:50,31.47,39.75,98.00
19:50:10,31.47,39.77,101.00
19:50:30,31.46,39.83,103.00
19:50:50,31.47,39.81,102.00
19:51:10,31.45,39.88,101.00
19:51:30,31.46,39.87,102.00
19:51:50,31.50,39.81,103.00
19:52:10,31.49,39.70,103.00
19:52:31,31.44,39.88,101.00
19:52:51,31.37,40.02,102.00
19:53:11,31.34,40.08,101.00
19:53:31,31.24,40.11,100.00
19:53:51,31.23,40.32,96.00
19:54:11,31.20,40.32,99.00
19:54:31,31.10,40.44,100.00
19:54:51,31.10,40.53,97.00
19:55:11,31.07,40.49,97.00
19:55:31,31.06,40.56,100.00
19:55:51,31.04,40.57,99.00
19:56:11,31.09,40.52,93.00
19:56:31,31.07,40.50,98.00
19:56:51,31.11,40.44,96.00
19:57:11,31.03,40.50,97.00
19:57:32,31.03,40.63,92.00
19:57:52,30.98,40.67,93.00
19:58:12,31.03,40.61,90.00
19:58:32,31.02,40.71,93.00
19:58:52,30.98,40.66,91.00
19:59:12,30.98,40.72,91.00
19:59:32,31.07,40.58,90.00
19:59:52,31.07,40.59,89.00
20:00:12,31.00,40.78,92.00
20:00:32,30.96,40.73,89.00
20:00:52,30.97,40.78,87.00
20:01:12,31.00,40.70,86.00
20:01:32,31.00,40.66,87.00
20:01:52,31.02,40.72,87.00
20:02:13,30.95,40.78,83.00
20:02:33,30.97,40.73,81.00
20:02:53,30.96,40.77,82.00
20:03:13,30.91,40.81,80.00
20:03:33,30.87,40.89,81.00
20:03:53,30.85,41.01,80.00
20:04:13,30.81,41.06,79.00
20:04:33,30.76,41.14,76.00
20:04:53,30.85,41.01,78.00
20:05:13,30.90,40.89,80.00
20:05:33,30.90,40.89,78.00
20:05:53,30.95,40.87,80.00
20:06:13,30.97,40.73,80.00
20:06:33,31.00,40.68,82.00
20:06:53,31.02,40.58,83.00
20:07:14,31.06,40.52,82.00
20:07:34,31.07,40.54,81.00
20:07:54,31.10,40.52,81.00
20:08:14,31.09,40.50,83.00
20:08:34,31.08,40.50,81.00
20:08:54,31.13,40.49,85.00
20:09:14,31.15,40.43,83.00
20:09:34,31.18,40.41,84.00
20:09:54,31.16,40.40,85.00
20:10:14,31.14,40.45,81.00
20:10:34,31.14,40.43,83.00
20:10:54,31.15,40.45,86.00
20:11:14,31.16,40.43,88.00
20:11:34,31.20,40.37,87.00
20:11:55,31.23,40.37,89.00
20:12:15,31.22,40.36,89.00
20:12:35,31.23,40.33,94.00
20:12:55,31.23,40.31,89.00
20:13:15,31.29,40.29,93.00
20:13:35,31.27,40.31,92.00
20:13:55,31.27,40.33,91.00
20:14:15,31.26,40.36,97.00
20:14:35,31.26,40.33,97.00
20:14:55,31.25,40.32,96.00
20:15:15,31.24,40.40,96.00
20:15:35,31.23,40.45,99.00
20:15:55,31.24,40.45,98.00
20:16:15,31.17,40.57,102.00
20:16:35,31.10,40.68,102.00
20:16:56,31.16,40.71,101.00
20:17:16,31.19,40.61,100.00
20:17:36,31.18,40.62,103.00
20:17:56,31.19,40.59,105.00
20:18:16,31.20,40.57,106.00
20:18:36,31.23,40.56,104.00
20:18:56,31.23,40.57,105.00
20:19:16,31.24,40.51,109.00
20:19:36,31.22,40.46,105.00
20:19:56,31.25,40.52,107.00
20:20:16,31.26,40.50,106.00
20:20:36,31.23,40.50,111.00
20:20:56,31.27,40.50,112.00
20:21:16,31.26,40.56,112.00
20:21:37,31.22,40.58,112.00
20:21:57,31.21,40.60,113.00
20:22:17,31.18,40.67,114.00
20:22:37,31.18,40.75,115.00
20:22:57,31.04,40.88,115.00
20:23:17,31.09,40.88,115.00
20:23:37,31.10,40.84,117.00
20:23:57,31.13,40.80,116.00
20:24:17,31.13,40.80,118.00
20:24:37,31.16,40.75,119.00
20:24:57,31.09,40.83,120.00
20:25:17,31.09,40.86,121.00
20:25:37,31.16,40.84,122.00
20:25:57,31.18,40.77,119.00
20:26:17,31.16,40.74,124.00
20:26:38,31.19,40.72,119.00
20:26:58,31.18,40.70,125.00
20:27:18,31.20,40.68,126.00
20:27:38,31.17,40.72,128.00
20:27:58,31.09,40.78,124.00
20:28:18,31.19,40.73,126.00
20:28:38,31.20,40.69,125.00
20:28:58,31.16,40.74,129.00
20:29:18,31.14,40.76,129.00
20:29:38,31.12,40.79,128.00
20:29:58,31.07,40.85,129.00
20:30:18,31.11,40.83,132.00
20:30:38,31.09,40.78,131.00
20:30:58,31.09,40.83,134.00
20:31:19,31.12,40.85,130.00
20:31:39,31.05,40.95,135.00
20:31:59,31.06,40.95,132.00
20:32:19,31.10,40.88,135.00
20:32:39,31.07,40.91,134.00
20:32:59,31.05,40.95,137.00
20:33:19,31.00,41.10,137.00
20:33:39,30.98,41.13,136.00
20:33:59,31.01,41.03,137.00
20:34:19,31.07,40.96,138.00
20:34:39,31.03,40.94,138.00
20:34:59,31.08,40.88,141.00
20:35:19,31.07,40.87,138.00
20:35:39,31.04,40.93,142.00
20:35:59,31.03,40.91,141.00
20:36:20,31.08,40.86,142.00
20:36:40,31.09,40.82,141.00
20:37:00,31.08,40.84,143.00
20:37:20,31.08,40.90,143.00
20:37:40,31.06,40.91,143.00
20:38:00,31.03,40.98,142.00
20:38:20,31.03,41.00,144.00
20:38:40,31.01,41.01,144.00
20:39:00,30.99,41.03,144.00
20:39:20,31.00,41.03,147.00
20:39:40,31.02,41.01,143.00
20:40:00,31.02,41.00,147.00
20:40:20,31.06,40.92,147.00
20:40:40,31.05,40.94,146.00
20:41:01,31.04,40.96,148.00
20:41:21,31.06,40.94,146.00
20:41:41,31.00,41.03,149.00
20:42:01,31.05,40.96,147.00
20:42:21,31.03,40.99,148.00
20:42:41,31.01,41.07,149.00
20:43:01,30.98,41.05,151.00
20:43:21,31.00,41.08,149.00
20:43:41,31.00,41.06,149.00
20:44:01,30.99,40.97,149.00
20:44:21,31.02,40.98,149.00
20:44:41,31.02,40.99,149.00
20:45:01,31.05,40.92,151.00
20:45:21,31.06,40.90,152.00
20:45:41,31.02,40.99,151.00
20:46:02,31.05,40.99,151.00
20:46:22,31.04,40.94,154.00
20:46:42,31.07,40.89,151.00
20:47:02,31.07,40.90,153.00
20:47:22,31.04,40.90,152.00
20:47:42,31.01,40.97,152.00
20:48:02,31.04,40.93,151.00
20:48:22,31.03,40.90,154.00
20:48:42,31.03,40.92,155.00
20:49:02,31.05,40.93,157.00
20:49:22,31.09,40.88,153.00
20:49:42,31.10,40.83,157.00
20:50:02,31.03,40.87,156.00
20:50:22,31.01,40.95,156.00
20:50:43,31.02,40.94,157.00
20:51:03,31.03,40.93,157.00
20:51:23,31.04,40.93,157.00
20:51:43,30.98,40.98,158.00
20:52:03,30.99,41.00,159.00
20:52:23,30.97,41.06,156.00
20:52:43,30.99,41.02,157.00
20:53:03,31.01,40.99,159.00
20:53:23,31.02,40.93,158.00
20:53:43,31.03,40.94,159.00
20:54:03,31.00,41.02,160.00
20:54:23,30.99,41.05,160.00
20:54:43,31.00,41.05,162.00
20:55:03,30.97,41.08,160.00
20:55:23,30.97,41.08,162.00
20:55:44,30.97,41.07,161.00
20:56:04,30.99,41.05,161.00
20:56:24,31.00,40.98,162.00
20:56:44,31.03,40.95,162.00
20:57:04,31.01,40.89,162.00
20:57:24,31.04,40.89,160.00
20:57:44,31.01,40.98,163.00
20:58:04,31.00,41.01,164.00
20:58:24,30.98,41.05,165.00
20:58:44,30.97,41.06,164.00
20:59:04,30.97,41.11,165.00
20:59:24,30.97,41.07,164.00
20:59:44,31.00,41.03,164.00
21:00:04,31.00,40.98,163.00
21:00:25,31.00,41.02,166.00
21:00:45,30.95,41.04,163.00
21:01:05,30.95,41.11,165.00
21:01:25,30.97,41.10,165.00
21:01:45,30.99,41.04,166.00
21:02:05,30.98,41.02,166.00
21:02:25,30.97,41.05,164.00
21:02:45,30.98,41.04,167.00
21:03:05,30.98,41.08,165.00
21:03:25,30.93,41.16,166.00
21:03:45,30.95,41.14,164.00
21:04:05,30.97,41.07,167.00
21:04:25,30.97,41.09,167.00
21:04:45,30.97,41.02,164.00
21:05:05,30.98,41.01,167.00
21:05:26,31.02,40.97,167.00
21:05:46,31.00,40.97,165.00
21:06:06,30.98,40.98,167.00
21:06:26,30.96,41.05,167.00
21:06:46,30.98,41.05,163.00
21:07:06,30.99,41.03,166.00
21:07:26,30.98,41.07,167.00
21:07:46,30.98,41.07,167.00
21:08:06,30.98,41.04,170.00
21:08:26,30.98,41.03,167.00
21:08:46,30.99,41.02,166.00
21:09:06,30.95,41.11,166.00
21:09:26,30.91,41.26,168.00
21:09:46,30.91,41.25,170.00
21:10:07,30.96,41.13,167.00
21:10:27,30.96,41.12,169.00
21:10:47,30.93,41.17,167.00
21:11:07,30.94,41.12,168.00
21:11:27,30.96,41.07,169.00
21:11:47,30.97,41.07,169.00
21:12:07,30.95,41.07,169.00
21:12:27,30.97,41.02,167.00
21:12:47,31.00,41.01,171.00
21:13:07,30.92,41.13,171.00
21:13:27,30.95,41.12,171.00
21:13:47,30.95,41.14,168.00
21:14:07,30.94,41.12,169.00
21:14:27,30.94,41.07,170.00
21:14:47,30.93,41.07,171.00
21:15:08,30.93,41.11,169.00
21:15:28,30.94,41.12,169.00
21:15:48,30.91,41.16,171.00
21:16:08,30.93,41.13,168.00
21:16:28,30.95,41.10,169.00
21:16:48,30.96,41.08,170.00
21:17:08,30.96,41.08,169.00
21:17:28,30.91,41.20,173.00
21:17:48,30.85,41.34,172.00
21:18:08,30.83,41.39,172.00
21:18:28,30.85,41.40,172.00
21:18:48,30.77,41.49,170.00
21:19:08,30.77,41.50,173.00
21:19:28,30.77,41.50,171.00
21:19:49,30.77,41.46,174.00
21:20:09,30.79,41.43,173.00
21:20:29,30.81,41.44,170.00
21:20:49,30.81,41.41,173.00
21:21:09,30.83,41.36,173.00
21:21:29,30.81,41.36,172.00
21:21:49,30.87,41.36,172.00
21:22:09,30.85,41.39,174.00
21:22:29,30.83,41.35,175.00
21:22:49,30.89,41.30,174.00
21:23:09,30.88,41.26,175.00
21:23:29,30.86,41.28,176.00
21:23:49,30.88,41.24,174.00
21:24:09,30.91,41.22,172.00
21:24:29,30.90,41.23,175.00
21:24:50,30.90,41.24,173.00
21:25:10,30.82,41.36,175.00
21:25:30,30.78,41.43,176.00
21:25:50,30.79,41.47,176.00
21:26:10,30.79,41.45,175.00
21:26:30,30.81,41.39,178.00
21:26:50,30.84,41.39,176.00
21:27:10,30.86,41.36,176.00
21:27:30,30.90,41.28,172.00
21:27:50,30.91,41.17,177.00
21:28:10,30.94,41.08,176.00
21:28:30,30.92,41.17,175.00
21:28:50,30.89,41.19,177.00
21:29:10,30.91,41.19,175.00
21:29:31,30.91,41.20,177.00
21:29:51,30.90,41.21,177.00
21:30:11,30.85,41.29,177.00
21:30:31,30.85,41.33,177.00
21:30:51,30.84,41.33,176.00
21:31:11,30.88,41.29,177.00
21:31:31,30.84,41.33,175.00
21:31:51,30.87,41.30,179.00
21:32:11,30.92,41.20,176.00
21:32:31,30.90,41.21,178.00
21:32:51,30.91,41.24,180.00
21:33:11,30.88,41.18,177.00
21:33:31,30.91,41.18,177.00
21:33:51,30.84,41.26,177.00
21:34:11,30.87,41.37,178.00
21:34:32,30.88,41.29,179.00
21:34:52,30.87,41.24,182.00
21:35:12,30.90,41.25,179.00
21:35:32,30.91,41.24,181.00
21:35:52,30.86,41.22,180.00
21:36:12,30.93,41.18,177.00
21:36:32,30.93,41.17,181.00
21:36:52,30.93,41.14,179.00
21:37:12,30.94,41.12,179.00
21:37:32,30.93,41.12,181.00
21:37:52,30.95,41.09,176.00
21:38:12,30.93,41.09,177.00
21:38:32,30.87,41.26,178.00
21:38:52,30.90,41.24,178.00
21:39:13,30.90,41.19,180.00
21:39:33,30.93,41.17,179.00
21:39:53,30.89,41.17,181.00
21:40:13,30.85,41.29,181.00
21:40:33,30.82,41.36,179.00
21:40:53,30.83,41.38,182.00
21:41:13,30.81,41.38,179.00
21:41:33,30.81,41.37,178.00
21:41:53,30.85,41.33,179.00
21:42:13,30.84,41.33,180.00
21:42:33,30.79,41.39,179.00
21:42:53,30.79,41.42,180.00
21:43:13,30.81,41.43,182.00
21:43:33,30.79,41.43,182.00
21:43:53,30.77,41.42,179.00
21:44:14,30.82,41.42,180.00
21:44:34,30.81,41.39,180.00
21:44:54,30.81,41.35,183.00
21:45:14,30.85,41.31,184.00
21:45:34,30.86,41.28,182.00
21:45:54,30.81,41.39,182.00
21:46:14,30.77,41.43,179.00
21:46:34,30.79,41.43,180.00
21:46:54,30.78,41.46,179.00
21:47:14,30.79,41.42,182.00
21:47:34,30.77,41.46,184.00
21:47:54,30.77,41.42,184.00
21:48:14,30.79,41.40,178.00
21:48:34,30.83,41.35,183.00
21:48:55,30.86,41.35,183.00
21:49:15,30.83,41.39,181.00
21:49:35,30.79,41.40,182.00
21:49:55,30.74,41.50,182.00
21:50:15,30.77,41.45,182.00
21:50:35,30.85,41.36,183.00
21:50:55,30.87,41.30,185.00
21:51:15,30.82,41.36,184.00
21:51:35,30.86,41.29,184.00
21:51:55,30.88,41.25,182.00
21:52:15,30.87,41.26,182.00
21:52:35,30.79,41.35,180.00
21:52:55,30.78,41.41,182.00
21:53:15,30.78,41.45,183.00
21:53:35,30.79,41.45,184.00
21:53:56,30.74,41.50,181.00
21:54:16,30.74,41.49,183.00
21:54:36,30.73,41.53,181.00
21:54:56,30.73,41.50,183.00
21:55:16,30.75,41.49,183.00
21:55:36,30.79,41.43,186.00
21:55:56,30.75,41.46,185.00
21:56:16,30.74,41.52,183.00
21:56:36,30.71,41.55,185.00
21:56:56,30.73,41.59,184.00
21:57:16,30.68,41.62,186.00
21:57:36,30.72,41.62,185.00
21:57:56,30.68,41.66,184.00
21:58:16,30.71,41.66,182.00
21:58:37,30.68,41.65,182.00
21:58:57,30.68,41.62,185.00
21:59:17,30.69,41.55,184.00
21:59:37,30.73,41.55,187.00
21:59:57,30.70,41.54,185.00
22:00:17,30.73,41.51,186.00
22:00:37,30.73,41.55,185.00
22:00:57,30.69,41.58,187.00
22:01:17,30.64,41.73,183.00
22:01:37,30.64,41.73,185.00
22:01:57,30.63,41.71,185.00
22:02:17,30.67,41.62,187.00
22:02:37,30.64,41.64,182.00
22:02:57,30.65,41.65,185.00
22:03:17,30.68,41.62,184.00
22:03:38,30.68,41.61,188.00
22:03:58,30.66,41.59,188.00
22:04:18,30.67,41.60,186.00
22:04:38,30.65,41.60,189.00
22:04:58,30.67,41.57,188.00
22:05:18,30.71,41.55,190.00
22:05:38,30.71,41.55,188.00
22:05:58,30.71,41.55,188.00
22:06:18,30.74,41.53,185.00
22:06:38,30.77,41.45,187.00
22:06:58,30.73,41.50,187.00
22:07:18,30.70,41.55,189.00
22:07:38,30.67,41.60,187.00
22:07:58,30.65,41.65,188.00
22:08:19,30.65,41.66,189.00
22:08:39,30.65,41.63,188.00
22:08:59,30.68,41.64,188.00
22:09:19,30.64,41.64,187.00
22:09:39,30.64,41.66,191.00
22:09:59,30.58,41.72,188.00
22:10:19,30.55,41.75,186.00
22:10:39,30.56,41.74,187.00
22:10:59,30.64,41.70,189.00
22:11:19,30.69,41.60,188.00
22:11:39,30.70,41.56,188.00
22:11:59,30.69,41.61,191.00
22:12:19,30.67,41.67,188.00
22:12:39,30.65,41.66,189.00
22:12:59,30.61,41.69,190.00
22:13:20,30.63,41.66,190.00
22:13:40,30.64,41.62,189.00
22:14:00,30.71,41.62,190.00
22:14:20,30.65,41.62,189.00
22:14:40,30.63,41.70,192.00
22:15:00,30.62,41.69,190.00
22:15:20,30.67,41.67,191.00
22:15:40,30.69,41.59,191.00
22:16:00,30.71,41.58,190.00
22:16:20,30.69,41.52,190.00
22:16:40,30.68,41.58,192.00
22:17:00,30.62,41.62,192.00
22:17:20,30.62,41.68,190.00
22:17:40,30.60,41.68,190.00
22:18:01,30.57,41.72,190.00
22:18:21,30.61,41.75,191.00
22:18:41,30.62,41.72,192.00
22:19:01,30.63,41.70,192.00
22:19:21,30.64,41.65,191.00
22:19:41,30.66,41.63,192.00
22:20:01,30.66,41.72,191.00
22:20:21,30.59,41.72,195.00
22:20:41,30.58,41.76,192.00
22:21:01,30.63,41.71,194.00
22:21:21,30.70,41.68,191.00
22:21:41,30.66,41.66,192.00
22:22:01,30.62,41.64,194.00
22:22:21,30.65,41.66,193.00
22:22:41,30.68,41.61,191.00
22:23:02,30.65,41.63,193.00
22:23:22,30.65,41.62,192.00
22:23:42,30.66,41.66,192.00
22:24:02,30.66,41.64,196.00
22:24:22,30.63,41.68,192.00
22:24:42,30.62,41.66,194.00
22:25:02,30.65,41.61,194.00
22:25:22,30.72,41.58,196.00
22:25:42,30.73,41.49,195.00
22:26:02,30.73,41.45,192.00
22:26:22,30.71,41.47,195.00
22:26:42,30.69,41.53,191.00
22:27:02,30.62,41.68,193.00
22:27:22,30.59,41.67,192.00
22:27:43,30.61,41.63,193.00
22:28:03,30.65,41.64,197.00
22:28:23,30.61,41.71,190.00
22:28:43,30.63,41.69,195.00
22:29:03,30.60,41.68,193.00
22:29:23,30.65,41.65,195.00
22:29:43,30.62,41.70,194.00
22:30:03,30.60,41.72,195.00
22:30:23,30.53,41.80,197.00
22:30:43,30.51,41.87,196.00
22:31:03,30.53,41.79,197.00
22:31:23,30.53,41.81,197.00
22:31:43,30.56,41.77,195.00
22:32:03,30.53,41.77,194.00
22:32:23,30.53,41.81,194.00
22:32:44,30.53,41.86,195.00
22:33:04,30.53,41.86,192.00
22:33:24,30.50,41.86,194.00
22:33:44,30.48,41.93,195.00
22:34:04,30.51,41.88,196.00
22:34:24,30.54,41.84,195.00
22:34:44,30.52,41.84,195.00
22:35:04,30.53,41.83,195.00
22:35:24,30.51,41.86,194.00
22:35:44,30.53,41.83,195.00
22:36:04,30.60,41.79,197.00
22:36:24,30.60,41.71,196.00
22:36:44,30.68,41.64,196.00
22:37:04,30.59,41.66,198.00
22:37:25,30.58,41.73,198.00
22:37:45,30.54,41.80,195.00
22:38:05,30.51,41.82,194.00
22:38:25,30.51,41.86,196.00
22:38:45,30.55,41.83,197.00
22:39:05,30.50,41.81,196.00
22:39:25,30.51,41.83,198.00
22:39:45,30.51,41.81,196.00
22:40:05,30.51,41.86,199.00
22:40:25,30.50,41.89,195.00
22:40:45,30.49,41.91,196.00
22:41:05,30.48,41.92,199.00
22:41:25,30.46,41.98,199.00
22:41:45,30.47,42.00,198.00
22:42:05,30.44,42.02,198.00
22:42:26,30.46,42.02,197.00
22:42:46,30.45,42.04,199.00
22:43:06,30.48,42.01,196.00
22:43:26,30.50,41.91,196.00
22:43:46,30.52,41.85,198.00
22:44:06,30.54,41.80,195.00
22:44:26,30.53,41.79,197.00
22:44:46,30.53,41.82,198.00
22:45:06,30.51,41.81,199.00
22:45:26,30.52,41.78,197.00
22:45:46,30.51,41.86,196.00
22:46:06,30.48,41.89,200.00
22:46:26,30.47,41.95,200.00
22:46:46,30.46,41.98,198.00
22:47:07,30.42,42.04,196.00
22:47:27,30.40,42.16,199.00
22:47:47,30.40,42.15,198.00
22:48:07,30.40,42.21,199.00
22:48:27,30.40,42.18,198.00
22:48:47,30.44,42.15,196.00
22:49:07,30.42,42.09,198.00
22:49:27,30.46,42.02,198.00
22:49:47,30.46,42.02,199.00
22:50:07,30.46,42.01,197.00
22:50:27,30.46,42.02,199.00
22:50:47,30.45,41.98,197.00
22:51:07,30.47,41.99,200.00
22:51:27,30.48,41.88,198.00
22:51:47,30.48,41.89,201.00
22:52:08,30.50,41.88,200.00
22:52:28,30.49,41.88,199.00
22:52:48,30.49,41.90,199.00
22:53:08,30.50,41.91,200.00
22:53:28,30.48,41.92,201.00
22:53:48,30.47,41.96,200.00
22:54:08,30.47,41.94,198.00
22:54:28,30.47,41.96,200.00
22:54:48,30.48,41.90,202.00
22:55:08,30.52,41.84,202.00
22:55:28,30.51,41.86,199.00
22:55:48,30.47,41.90,202.00
22:56:08,30.49,41.93,198.00
22:56:28,30.48,41.94,198.00
22:56:49,30.50,41.95,202.00
22:57:09,30.46,41.93,201.00
22:57:29,30.49,41.90,204.00
22:57:49,30.47,41.92,200.00
22:58:09,30.49,41.89,201.00
22:58:29,30.53,41.81,205.00
22:58:49,30.53,41.82,203.00
22:59:09,30.56,41.74,205.00
22:59:29,30.58,41.74,201.00
22:59:49,30.49,41.83,203.00
23:00:09,30.48,41.79,202.00
23:00:29,30.51,41.77,201.00
23:00:49,30.56,41.75,200.00
23:01:09,30.55,41.73,203.00
23:01:29,30.50,41.78,203.00
23:01:50,30.52,41.80,202.00
23:02:10,30.50,41.82,201.00
23:02:30,30.48,41.90,201.00
23:02:50,30.49,41.93,202.00
23:03:10,30.50,41.87,204.00
23:03:30,30.49,41.87,204.00
23:03:50,30.53,41.81,203.00
23:04:10,30.51,41.85,205.00
23:04:30,30.48,41.90,205.00
23:04:50,30.49,41.94,207.00
23:05:10,30.48,41.95,202.00
23:05:30,30.50,41.88,204.00
23:05:50,30.46,41.93,204.00
23:06:10,30.51,41.88,204.00
23:06:31,30.51,41.80,203.00
23:06:51,30.52,41.81,204.00
23:07:11,30.48,41.92,204.00
23:07:31,30.48,41.93,204.00
23:07:51,30.47,41.93,202.00
23:08:11,30.47,41.92,205.00
23:08:31,30.49,41.90,202.00
23:08:51,30.48,41.97,203.00
23:09:11,30.46,41.95,205.00
23:09:31,30.49,41.98,204.00
23:09:51,30.47,41.94,205.00
23:10:11,30.48,41.91,205.00
23:10:31,30.48,41.97,205.00
23:10:51,30.46,41.99,206.00
23:11:11,30.44,42.01,201.00
23:11:32,30.38,42.15,203.00
23:11:52,30.36,42.20,205.00
23:12:12,30.43,42.18,204.00
23:12:32,30.44,42.15,205.00
23:12:52,30.38,42.15,207.00
23:13:12,30.41,42.13,202.00
23:13:32,30.42,42.15,206.00
23:13:52,30.37,42.22,208.00
23:14:12,30.36,42.24,204.00
23:14:32,30.30,42.28,204.00
23:14:52,30.39,42.27,205.00
23:15:12,30.30,42.27,203.00
23:15:32,30.33,42.31,204.00
23:15:52,30.35,42.26,206.00
23:16:12,30.40,42.17,206.00
23:16:33,30.38,42.16,210.00
23:16:53,30.39,42.15,204.00
23:17:13,30.43,42.07,204.00
23:17:33,30.43,42.09,208.00
23:17:53,30.43,42.12,205.00
23:18:13,30.41,42.11,204.00
23:18:33,30.41,42.14,206.00
23:18:53,30.41,42.14,205.00
23:19:13,30.40,42.17,206.00
23:19:33,30.38,42.22,205.00
23:19:53,30.36,42.25,210.00
23:20:13,30.36,42.29,205.00
23:20:33,30.34,42.29,205.00
23:20:53,30.35,42.28,206.00
23:21:14,30.39,42.26,205.00
23:21:34,30.35,42.19,204.00
23:21:54,30.40,42.22,207.00
23:22:14,30.40,42.21,206.00
23:22:34,30.37,42.22,203.00
23:22:54,30.38,42.22,205.00
23:23:14,30.38,42.22,203.00
23:23:34,30.35,42.22,205.00
23:23:54,30.35,42.27,208.00
23:24:14,30.37,42.26,205.00
23:24:34,30.37,42.23,206.00
23:24:54,30.36,42.30,206.00
23:25:14,30.32,42.30,204.00
23:25:34,30.31,42.35,207.00
23:25:54,30.37,42.30,205.00
23:26:15,30.41,42.21,205.00
23:26:35,30.42,42.15,207.00
23:26:55,30.42,42.12,205.00
23:27:15,30.45,42.04,207.00
23:27:35,30.41,42.09,210.00
23:27:55,30.43,42.11,206.00
23:28:15,30.40,42.11,206.00
23:28:35,30.43,42.12,205.00
23:28:55,30.38,42.20,207.00
23:29:15,30.35,42.26,207.00
23:29:35,30.30,42.31,208.00
23:29:55,30.38,42.30,206.00
23:30:15,30.36,42.25,207.00
23:30:35,30.39,42.27,205.00
23:30:56,30.34,42.32,208.00
23:31:16,30.29,42.36,208.00
23:31:36,30.28,42.42,207.00
23:31:56,30.30,42.39,208.00
23:32:16,30.30,42.37,207.00
23:32:36,30.26,42.43,209.00
23:32:56,30.25,42.44,207.00
23:33:16,30.25,42.47,205.00
23:33:36,30.27,42.43,205.00
23:33:56,30.25,42.48,207.00
23:34:16,30.23,42.50,205.00
23:34:36,30.22,42.47,206.00
23:34:56,30.31,42.41,207.00
23:35:16,30.26,42.41,206.00
23:35:36,30.30,42.44,208.00
23:35:57,30.31,42.39,209.00
23:36:17,30.27,42.36,208.00
23:36:37,30.24,42.43,208.00
23:36:57,30.22,42.49,207.00
23:37:17,30.24,42.50,211.00
23:37:37,30.25,42.55,206.00
23:37:57,30.21,42.57,206.00
23:38:17,30.22,42.56,204.00
23:38:37,30.20,42.60,206.00
23:38:57,30.20,42.54,207.00
23:39:17,30.24,42.51,209.00
23:39:37,30.24,42.49,207.00
23:39:57,30.24,42.46,207.00
23:40:17,30.30,42.42,206.00
23:40:38,30.27,42.48,205.00
23:40:58,30.26,42.43,208.00
23:41:18,30.31,42.39,209.00
23:41:38,30.31,42.43,207.00
23:41:58,30.26,42.44,208.00
23:42:18,30.36,42.38,209.00
23:42:38,30.29,42.40,209.00
23:42:58,30.27,42.44,207.00
23:43:18,30.22,42.42,208.00
23:43:38,30.27,42.43,207.00
23:43:58,30.30,42.42,208.00
23:44:18,30.26,42.41,208.00
23:44:38,30.29,42.46,208.00
23:44:58,30.24,42.52,207.00
23:45:18,30.20,42.56,209.00
23:45:39,30.21,42.59,207.00
23:45:59,30.23,42.58,209.00
23:46:19,30.20,42.59,208.00
23:46:39,30.20,42.60,207.00
23:46:59,30.22,42.57,207.00
23:47:19,30.24,42.59,211.00
23:47:39,30.19,42.61,208.00
23:47:59,30.20,42.62,209.00
23:48:19,30.22,42.63,208.00
23:48:39,30.21,42.59,209.00
23:48:59,30.21,42.56,208.00
23:49:19,30.22,42.58,209.00
23:49:39,30.24,42.52,208.00
23:49:59,30.25,42.53,208.00
23:50:20,30.27,42.53,208.00
23:50:40,30.27,42.49,210.00
23:51:00,30.26,42.44,208.00
23:51:20,30.26,42.45,210.00
23:51:40,30.31,42.42,210.00
23:52:00,30.30,42.42,207.00
23:52:20,30.26,42.43,209.00
23:52:40,30.24,42.49,210.00
23:53:00,30.26,42.54,210.00
23:53:20,30.22,42.56,211.00
23:53:40,30.20,42.63,210.00
23:54:00,30.18,42.62,209.00
23:54:20,30.19,42.65,211.00
23:54:40,30.17,42.70,210.00
23:55:00,30.17,42.69,209.00
23:55:21,30.13,42.69,210.00
23:55:41,30.19,42.75,211.00
23:56:01,30.14,42.74,209.00
23:56:21,30.19,42.73,210.00
23:56:41,30.15,42.69,211.00
23:57:01,30.22,42.62,210.00
23:57:21,30.18,42.61,211.00
23:57:41,30.18,42.61,208.00
23:58:01,30.17,42.70,210.00
23:58:21,30.15,42.73,211.00
23:58:41,30.19,42.70,212.00
23:59:01,30.20,42.61,208.00
23:59:21,30.22,42.54,208.00
23:59:41,30.24,42.55,210.00
